"Player","Team","Position","G","Pass_Cmp","Pass_Att","Pass_Yds","Pass_TD","Pass_Int","Rush_Att","Rush_Yds","Rush_TD","Rec","Rec_Tgt","Rec_Yds","Rec_TD","Def_Solo","Def_Ast","Def_Comb","Def_TFL","Def_QBHits","Sk","Int","PD","FF","Year","Is_Rookie"
"A'Shawn Robinson","CAR","DE",17,0,0,0,0,0,0,0,0,0,0,0,0,21,44,65,3,8,2.5,0,3,0,2025,0
"A.J. Brown","PHI","WR",15,0,0,0,0,0,0,0,0,78,121,1003,7,0,0,0,0,0,0,0,0,0,2025,0
"A.J. Epenesa","BUF","DE",15,0,0,0,0,0,0,0,0,0,0,0,0,17,15,32,2,9,2.5,2,4,0,2025,0
"A.J. Terrell","ATL","CB",15,0,0,0,0,0,0,0,0,0,0,0,0,49,19,68,1,0,0,0,12,2,2025,0
"AJ Barner","SEA","TE",17,0,0,0,0,0,10,14,1,52,68,519,6,1,1,2,0,0,0,0,0,0,2025,0
"Aaron Jones","MIN","RB",12,0,0,0,0,0,132,548,2,28,41,199,1,1,1,2,0,0,0,0,0,0,2025,0
"Aaron Rodgers","PIT","QB",16,327,498,3322,24,7,21,61,1,1,1,-9,0,0,0,0,0,0,0,0,0,0,2025,0
"Abdul Carter","NYG","LB",15,0,0,0,0,0,0,0,0,0,0,0,0,23,18,41,7,23,4,0,0,2,2025,1
"Adam Butler","LV","DT",15,0,0,0,0,0,0,0,0,0,0,0,0,19,30,49,3,5,1,0,0,0,2025,0
"Adam Trautman","DEN","TE",13,0,0,0,0,0,0,0,0,20,23,195,1,0,1,1,0,0,0,0,0,0,2025,0
"Adetomiwa Adebawore","IND","DT",14,0,0,0,0,0,0,0,0,0,0,0,0,13,22,35,5,6,4,0,0,0,2025,0
"Adonai Mitchell","NYJ","WR",8,0,0,0,0,0,1,-4,0,24,58,301,2,2,0,2,0,0,0,0,0,0,2025,0
"Adoree' Jackson","PHI","CB",13,0,0,0,0,0,0,0,0,0,0,0,0,40,15,55,0,0,0,1,11,0,2025,0
"Aidan Hutchinson","DET","DE",17,0,0,0,0,0,0,0,0,0,0,0,0,35,18,53,14,35,14.5,1,3,4,2025,0
"Akeem Davis-Gaither","ARI","LB",16,0,0,0,0,0,0,0,0,0,0,0,0,50,67,117,2,1,0,1,5,1,2025,0
"Al-Quadin Muhammad","DET","DE",13,0,0,0,0,0,0,0,0,0,0,0,0,15,10,25,9,20,11,0,0,0,2025,0
"Alec Pierce","IND","WR",15,0,0,0,0,0,0,0,0,47,84,1003,6,3,0,3,0,0,0,0,1,0,2025,0
"Alex Anzalone","DET","MLB",16,0,0,0,0,0,0,0,0,0,0,0,0,52,43,95,4,6,2.5,1,9,0,2025,0
"Alex Highsmith","PIT","LB",13,0,0,0,0,0,0,0,0,0,0,0,0,36,14,50,15,19,9.5,0,3,1,2025,0
"Alex Singleton","DEN","LB",16,0,0,0,0,0,0,0,0,0,0,0,0,52,81,133,3,3,1,0,4,1,2025,0
"Alex Wright","CLE","DE",13,0,0,0,0,0,0,0,0,0,0,0,0,18,16,34,12,9,5.5,0,1,1,2025,0
"Alohi Gilman","BAL","SAF",12,0,0,0,0,0,0,0,0,0,0,0,0,38,29,67,1,1,0,0,6,1,2025,0
"Alontae Taylor","NO","CB",17,0,0,0,0,0,0,0,0,0,0,0,0,58,24,82,7,3,2,2,11,0,2025,0
"Alvin Kamara","NO","RB",11,0,0,0,0,0,131,471,1,33,39,186,0,1,0,1,0,0,0,0,0,0,2025,0
"Amani Hooker","TEN","SAF",16,0,0,0,0,0,0,0,0,0,0,0,0,58,23,81,3,1,1,0,8,0,2025,0
"Amik Robertson","DET","CB",17,0,0,0,0,0,0,0,0,0,0,0,0,42,9,51,2,0,0,1,12,2,2025,0
"Amon-Ra St. Brown","DET","WR",17,0,0,0,0,0,3,9,0,117,172,1401,11,4,1,5,0,0,0,0,0,0,2025,0
"Andre Cisco","NYJ","SAF",8,0,0,0,0,0,0,0,0,0,0,0,0,25,15,40,1,0,0,0,1,0,2025,0
"Andrei Iosivas","CIN","WR",15,0,0,0,0,0,3,14,0,33,58,435,2,0,0,0,0,0,0,0,0,0,2025,0
"Andrew Billings","CHI","DT",15,0,0,0,0,0,0,0,0,0,0,0,0,16,12,28,6,5,1,0,0,0,2025,0
"Andrew Mukuba","PHI","SAF",11,0,0,0,0,0,0,0,0,0,0,0,0,24,19,43,2,1,0.5,2,3,0,2025,1
"Andrew Van Ginkel","MIN","OLB",12,0,0,0,0,0,0,0,0,0,0,0,0,25,26,51,11,13,7,1,10,0,2025,0
"Andrew Wingard","JAX","SAF",16,0,0,0,0,0,0,0,0,0,0,0,0,43,39,82,3,1,0,1,9,0,2025,0
"Andru Phillips","NYG","CB",17,0,0,0,0,0,0,0,0,0,0,0,0,47,17,64,8,0,0,2,12,0,2025,0
"Anfernee Jennings","NE","LB",13,0,0,0,0,0,0,0,0,0,0,0,0,14,11,25,5,7,2,0,0,0,2025,0
"Anthony Nelson","TB","LB",14,0,0,0,0,0,0,0,0,0,0,0,0,21,17,38,3,4,3,1,2,2,2025,0
"Antoine Winfield Jr.","TB","SAF",17,0,0,0,0,0,0,0,0,0,0,0,0,53,40,93,4,4,1,2,8,1,2025,0
"Antonio Johnson","JAX","SAF",16,0,0,0,0,0,0,0,0,0,0,0,0,37,21,58,2,1,2,5,9,0,2025,0
"Arden Key","TEN","LB",12,0,0,0,0,0,0,0,0,0,0,0,0,9,13,22,6,11,4,0,0,0,2025,0
"Arik Armstead","JAX","DT",15,0,0,0,0,0,0,0,0,0,0,0,0,13,15,28,7,8,5.5,0,0,1,2025,0
"Arnold Ebiketie","ATL","LB",15,0,0,0,0,0,0,0,0,0,0,0,0,16,19,35,5,6,2,0,1,0,2025,0
"Ashton Gillotte","KC","DE",16,0,0,0,0,0,0,0,0,0,0,0,0,14,24,38,3,8,1.5,1,1,0,2025,1
"Ashton Jeanty","LV","RB",17,0,0,0,0,0,266,975,5,55,73,346,5,1,0,1,0,0,0,0,0,0,2025,1
"Ashtyn Davis","MIA","SAF",13,0,0,0,0,0,0,0,0,0,0,0,0,41,22,63,3,0,0,1,4,1,2025,0
"Austin Ajiake","IND","LB",13,0,0,0,0,0,0,0,0,0,0,0,0,13,19,32,0,2,0.5,0,0,0,2025,0
"Austin Booker","CHI","DE",10,0,0,0,0,0,0,0,0,0,0,0,0,19,16,35,5,12,4.5,0,3,1,2025,0
"Austin Hooper","NE","TE",13,0,0,0,0,0,0,0,0,21,26,263,2,1,0,1,0,0,0,0,0,0,2025,0
"Avonte Maddox","DET","CB",8,0,0,0,0,0,0,0,0,0,0,0,0,23,9,32,1,0,0,1,4,1,2025,0
"Azareye'h Thomas","NYJ","CB",8,0,0,0,0,0,0,0,0,0,0,0,0,13,9,22,2,0,0,0,7,0,2025,1
"Azeez Al-Shaair","HOU","LB",16,0,0,0,0,0,0,0,0,0,0,0,0,48,55,103,1,2,0,2,9,1,2025,0
"B.J. Hill","CIN","DE",17,0,0,0,0,0,0,0,0,0,0,0,0,29,37,66,5,9,4,0,0,0,2025,0
"BJ Green II","JAX","DE",8,0,0,0,0,0,0,0,0,0,0,0,0,6,9,15,2,1,2,0,0,0,2025,1
"Baker Mayfield","TB","QB",17,343,543,3693,26,11,55,382,1,0,0,0,0,0,0,0,0,0,0,0,0,0,2025,0
"Bam Knight","ARI","RB",12,0,0,0,0,0,82,269,4,22,31,160,1,1,1,2,0,0,0,0,0,0,2025,0
"Bam Martin-Scott","CAR","LB",11,0,0,0,0,0,0,0,0,0,0,0,0,7,14,21,1,0,0,0,0,1,2025,1
"Baron Browning","ARI","LB",15,0,0,0,0,0,0,0,0,0,0,0,0,13,20,33,4,5,2,1,1,0,2025,0
"Barrett Carter","CIN","LB",16,0,0,0,0,0,0,0,0,0,0,0,0,51,53,104,1,1,0,1,4,0,2025,1
"Ben Skowronek","PIT","WR",16,0,0,0,0,0,0,0,0,4,6,69,1,11,9,20,0,0,0,0,0,0,2025,0
"Benjamin Morrison","TB","CB",9,0,0,0,0,0,0,0,0,0,0,0,0,18,7,25,2,0,0,0,4,0,2025,1
"Benjamin St-Juste","LAC","CB",14,0,0,0,0,0,0,0,0,0,0,0,0,22,15,37,0,0,0,1,7,0,2025,0
"Bhayshul Tuten","JAX","RB",15,0,0,0,0,0,83,307,5,10,14,79,2,1,0,1,0,0,0,0,0,0,2025,1
"Bijan Robinson","ATL","RB",17,0,0,0,0,0,287,1478,7,79,103,820,4,0,0,0,0,0,0,0,0,0,2025,0
"Billy Bowman Jr.","ATL","SAF",6,0,0,0,0,0,0,0,0,0,0,0,0,15,11,26,1,2,1.5,1,2,1,2025,1
"Blake Cashman","MIN","LB",13,0,0,0,0,0,0,0,0,0,0,0,0,60,83,143,4,3,2,0,2,1,2025,0
"Blake Corum","LA","RB",17,0,0,0,0,0,145,746,6,8,14,36,0,2,0,2,0,0,0,0,0,0,2025,0
"Bo Nix","DEN","QB",17,388,612,3931,25,11,83,356,5,0,1,0,0,0,0,0,0,0,0,0,0,0,2025,0
"Bobby Brown III","CAR","DT",12,0,0,0,0,0,0,0,0,0,0,0,0,12,18,30,3,1,0.5,0,1,0,2025,0
"Bobby Okereke","NYG","ILB",17,0,0,0,0,0,0,0,0,0,0,0,0,75,65,140,2,1,1,2,6,0,2025,0
"Bobby Wagner","WAS","MLB",17,0,0,0,0,0,0,0,0,0,0,0,0,75,83,158,8,9,4.5,2,4,0,2025,0
"Boye Mafe","SEA","LB",16,0,0,0,0,0,0,0,0,0,0,0,0,11,20,31,4,4,2,0,5,1,2025,0
"Braden Fiske","LA","DE",15,0,0,0,0,0,0,0,0,0,0,0,0,10,19,29,4,10,3,0,1,0,2025,0
"Bradley Chubb","MIA","OLB",17,0,0,0,0,0,0,0,0,0,0,0,0,24,23,47,8,20,8.5,0,0,2,2025,0
"Brandin Cooks","NO","WR",9,0,0,0,0,0,0,0,0,19,25,165,0,0,0,0,0,0,0,0,0,0,2025,0
"Brandin Echols","PIT","CB",14,0,0,0,0,0,0,0,0,0,0,0,0,34,14,48,3,2,1,2,6,1,2025,0
"Brandon Dorlus","ATL","DE",14,0,0,0,0,0,0,0,0,0,0,0,0,12,12,24,11,11,8.5,0,0,0,2025,0
"Brandon Jones","DEN","SAF",14,0,0,0,0,0,0,0,0,0,0,0,0,42,35,77,0,2,0.5,1,7,0,2025,0
"Brandon Stephens","NYJ","CB",16,0,0,0,0,0,0,0,0,0,0,0,0,46,26,72,4,0,0,0,9,1,2025,0
"Brashard Smith","KC","RB",17,0,0,0,0,0,44,151,0,25,35,172,1,0,0,0,0,0,0,0,0,0,2025,1
"Breece Hall","NYJ","RB",16,1,1,4,1,0,243,1065,4,36,48,350,1,0,0,0,0,0,0,0,0,0,2025,0
"Brenton Strange","JAX","TE",12,0,0,0,0,0,0,0,0,46,60,540,3,0,1,1,0,0,0,0,0,0,2025,0
"Brevyn Spann-Ford","DAL","TE",16,0,0,0,0,0,0,0,0,9,13,90,1,9,11,20,0,0,0,0,0,0,2025,0
"Brian Branch","DET","SAF",12,0,0,0,0,0,0,0,0,0,0,0,0,46,27,73,5,5,2.5,0,9,1,2025,0
"Brian Burns","NYG","LB",17,0,0,0,0,0,0,0,0,0,0,0,0,39,28,67,22,31,16.5,0,7,3,2025,0
"Brian Robinson","SF","RB",17,0,0,0,0,0,92,400,2,8,12,25,0,0,0,0,0,0,0,0,0,0,2025,0
"Brian Thomas Jr.","JAX","WR",14,0,0,0,0,0,3,21,1,48,91,707,2,1,0,1,0,0,0,0,0,0,2025,0
"Brock Bowers","LV","TE",12,0,0,0,0,0,2,2,0,64,86,680,7,2,0,2,0,0,0,0,0,0,2025,0
"Brock Purdy","SF","QB",9,197,284,2167,20,10,33,147,3,0,0,0,0,0,0,0,0,0,0,0,0,0,2025,0
"Brock Wright","DET","TE",8,0,0,0,0,0,0,0,0,14,22,108,2,0,0,0,0,0,0,0,0,0,2025,0
"Bryan Bresee","NO","DT",15,0,0,0,0,0,0,0,0,0,0,0,0,14,22,36,5,8,2.5,0,3,1,2025,0
"Bryan Cook","KC","SAF",16,0,0,0,0,0,0,0,0,0,0,0,0,49,35,84,1,0,0,0,6,0,2025,0
"Bryce Huff","SF","DE",14,0,0,0,0,0,0,0,0,0,0,0,0,13,16,29,6,15,4,0,1,2,2025,0
"Bryce Young","CAR","QB",16,304,478,3011,23,11,54,216,2,0,0,0,0,0,0,0,0,0,0,0,0,0,2025,0
"Bucky Irving","TB","RB",10,0,0,0,0,0,173,588,1,30,35,277,3,0,0,0,0,0,0,0,0,0,2025,0
"Bud Dupree","LAC","OLB",10,0,0,0,0,0,0,0,0,0,0,0,0,9,7,16,2,3,2,0,1,0,2025,0
"Budda Baker","ARI","S",16,0,0,0,0,0,0,0,0,0,0,0,0,54,63,117,4,1,0.5,1,5,0,2025,0
"Byron Murphy","MIN","CB",17,0,0,0,0,0,0,0,0,0,0,0,0,48,23,71,3,0,0,2,7,0,2025,0
"Byron Murphy II","SEA","DT",16,0,0,0,0,0,0,0,0,0,0,0,0,21,40,61,7,13,7,0,0,0,2025,0
"Byron Young","LA","LB",17,0,0,0,0,0,0,0,0,0,0,0,0,44,37,81,12,29,12,0,0,1,2025,0
"Byron Young","PHI","DT",14,0,0,0,0,0,0,0,0,0,0,0,0,11,24,35,3,4,2.5,0,0,0,2025,0
"C.J. Gardner-Johnson","CHI","SAF",10,0,0,0,0,0,0,0,0,0,0,0,0,35,16,51,5,5,3,2,4,1,2025,0
"C.J. Stroud","HOU","QB",14,273,423,3041,19,8,48,209,1,0,0,0,0,0,0,0,0,0,0,0,0,0,2025,0
"CJ West","SF","DT",10,0,0,0,0,0,0,0,0,0,0,0,0,11,9,20,2,1,1,0,0,0,2025,1
"Cade Otton","TB","TE",15,0,0,0,0,0,0,0,0,59,81,572,1,4,0,4,0,0,0,0,0,0,2025,0
"Calais Campbell","ARI","DE",17,0,0,0,0,0,0,0,0,0,0,0,0,21,20,41,9,16,6.5,0,2,0,2025,0
"Caleb Williams","CHI","QB",17,330,568,3942,27,7,77,383,3,2,2,22,1,1,0,1,0,0,0,0,0,0,2025,0
"Calen Bullock","HOU","SAF",16,0,0,0,0,0,0,0,0,0,0,0,0,43,20,63,0,0,0,4,10,1,2025,0
"Calvin Austin III","PIT","WR",14,0,0,0,0,0,0,0,0,31,55,372,3,0,0,0,0,0,0,0,0,0,2025,0
"Calvin Ridley","TEN","WR",7,0,0,0,0,0,0,0,0,17,36,303,0,0,0,0,0,0,0,0,0,0,2025,0
"Cam Hart","LAC","CB",16,0,0,0,0,0,0,0,0,0,0,0,0,37,11,48,0,1,0,1,11,0,2025,0
"Cam Lewis","BUF","CB",16,0,0,0,0,0,0,0,0,0,0,0,0,33,10,43,1,0,0,0,4,2,2025,0
"Cam Skattebo","NYG","RB",8,0,0,0,0,0,101,410,5,24,32,207,2,0,0,0,0,0,0,0,0,0,2025,1
"Cam Taylor-Britt","CIN","CB",8,0,0,0,0,0,0,0,0,0,0,0,0,12,9,21,1,1,0,0,5,0,2025,0
"Cam Ward","TEN","QB",17,323,540,3169,15,7,39,159,2,0,0,0,0,0,0,0,0,0,0,0,0,0,2025,1
"Cameron Goode","MIA","LB",14,0,0,0,0,0,0,0,0,0,0,0,0,7,14,21,0,0,0,0,1,0,2025,0
"Cameron Heyward","PIT","DT",17,0,0,0,0,0,0,0,0,0,0,0,0,36,40,76,9,9,3.5,0,6,1,2025,0
"Cameron Jordan","NO","DE",17,0,0,0,0,0,0,0,0,0,0,0,0,29,15,44,15,15,10.5,0,2,2,2025,0
"Cameron Mitchell","IND","CB",6,0,0,0,0,0,0,0,0,0,0,0,0,13,4,17,2,0,0,0,4,0,2025,0
"Cameron Sample","CIN","DE",10,0,0,0,0,0,0,0,0,0,0,0,0,9,8,17,2,6,2,0,0,1,2025,0
"Cameron Thomas","CLE","DE",12,0,0,0,0,0,0,0,0,0,0,0,0,7,21,28,1,7,2.5,0,0,0,2025,0
"Camryn Bynum","IND","SAF",17,0,0,0,0,0,0,0,0,0,0,0,0,47,31,78,3,0,1,4,8,1,2025,0
"Carl Granderson","NO","DE",16,0,0,0,0,0,0,0,0,0,0,0,0,32,22,54,11,9,6,1,4,0,2025,0
"Carlton Davis III","NE","CB",17,0,0,0,0,0,0,0,0,0,0,0,0,38,30,68,3,1,0,0,10,0,2025,0
"Carrington Valentine","GB","CB",14,0,0,0,0,0,0,0,0,0,0,0,0,25,6,31,0,0,0,0,4,0,2025,0
"Carson Schwesinger","CLE","LB",16,0,0,0,0,0,0,0,0,0,0,0,0,58,89,147,11,9,2.5,2,3,0,2025,1
"Cedric Gray","TEN","LB",16,0,0,0,0,0,0,0,0,0,0,0,0,94,67,161,7,3,1,0,4,0,2025,0
"Cedric Johnson","CIN","DE",8,0,0,0,0,0,0,0,0,0,0,0,0,10,9,19,2,5,2,0,0,0,2025,0
"Cedric Tillman","CLE","WR",12,0,0,0,0,0,0,0,0,21,39,270,2,1,0,1,0,0,0,0,0,0,2025,0
"CeeDee Lamb","DAL","WR",13,0,0,0,0,0,1,2,0,75,117,1077,3,1,0,1,0,0,0,0,0,0,2025,0
"Chamarri Conner","KC","DB",17,0,0,0,0,0,0,0,0,0,0,0,0,73,42,115,4,5,2,1,2,2,2025,0
"Charles Omenihu","KC","DE",14,0,0,0,0,0,0,0,0,0,0,0,0,15,13,28,5,13,3.5,0,0,0,2025,0
"Charles Snowden","LV","DE",12,0,0,0,0,0,0,0,0,0,0,0,0,16,11,27,5,4,3,1,2,0,2025,0
"Charvarius Ward","IND","CB",7,0,0,0,0,0,0,0,0,0,0,0,0,17,8,25,0,0,0,0,7,0,2025,0
"Chase Brown","CIN","RB",17,0,0,0,0,0,232,1019,6,69,88,437,5,3,0,3,0,0,0,0,0,0,2025,0
"Chase Young","NO","DE",12,0,0,0,0,0,0,0,0,0,0,0,0,21,16,37,11,15,10,0,4,2,2025,0
"Chau Smith-Wade","CAR","CB",16,0,0,0,0,0,0,0,0,0,0,0,0,43,13,56,1,0,0,1,2,0,2025,0
"Chidobe Awuzie","BAL","CB",14,0,0,0,0,0,0,0,0,0,0,0,0,29,14,43,0,1,0,0,7,0,2025,0
"Chig Okonkwo","TEN","TE",17,0,0,0,0,0,0,0,0,56,79,560,2,1,0,1,0,0,0,0,0,0,2025,0
"Chimere Dike","TEN","WR",17,0,0,0,0,0,11,18,0,48,74,423,4,0,0,0,0,0,0,0,0,0,2025,1
"Chop Robinson","MIA","LB",12,0,0,0,0,0,0,0,0,0,0,0,0,10,11,21,4,7,4,0,1,1,2025,0
"Chris Braswell","TB","LB",13,0,0,0,0,0,0,0,0,0,0,0,0,20,9,29,4,4,1,0,0,0,2025,0
"Chris Godwin Jr.","TB","WR",9,0,0,0,0,0,0,0,0,33,51,360,2,0,0,0,0,0,0,0,0,0,2025,0
"Chris Jones","KC","DE",17,0,0,0,0,0,0,0,0,0,0,0,0,13,14,27,12,25,7,0,2,0,2025,0
"Chris Lammons","IND","DB",7,0,0,0,0,0,0,0,0,0,0,0,0,14,3,17,1,0,0,1,3,0,2025,0
"Chris Moore","WAS","WR",10,0,0,0,0,0,1,9,0,11,23,207,1,4,0,4,0,0,0,0,0,0,2025,0
"Chris Olave","NO","WR",16,0,1,0,0,1,1,-3,0,100,156,1163,9,1,0,1,0,0,0,0,0,0,2025,0
"Chris Rodriguez Jr.","WAS","RB",12,0,0,0,0,0,112,500,6,3,4,30,0,2,0,2,0,0,0,0,0,0,2025,0
"Chris Rumph II","NO","DE",17,0,0,0,0,0,0,0,0,0,0,0,0,23,23,46,3,4,2,0,1,1,2025,0
"Christian Barmore","NE","DT",15,0,0,0,0,0,0,0,0,0,0,0,0,15,14,29,4,11,2,0,0,0,2025,0
"Christian Benford","BUF","CB",14,0,0,0,0,0,0,0,0,0,0,0,0,31,11,42,4,2,2,2,4,0,2025,0
"Christian Braswell","JAX","CB",6,0,0,0,0,0,0,0,0,0,0,0,0,11,3,14,2,0,0,0,3,0,2025,0
"Christian Elliss","NE","LB",15,0,0,0,0,0,0,0,0,0,0,0,0,37,55,92,0,3,0,0,3,1,2025,0
"Christian Gonzalez","NE","CB",14,0,0,0,0,0,0,0,0,0,0,0,0,53,15,68,1,0,0,0,10,0,2025,0
"Christian Izien","TB","SAF",9,0,0,0,0,0,0,0,0,0,0,0,0,16,9,25,1,0,0,0,0,1,2025,0
"Christian Kirk","HOU","WR",11,0,0,0,0,0,0,0,0,28,52,239,1,2,0,2,0,0,0,0,0,0,2025,0
"Christian McCaffrey","SF","RB",17,0,1,0,0,0,311,1202,10,102,129,924,7,3,1,4,0,0,0,0,0,0,2025,0
"Christian Roland-Wallace","KC","CB",9,0,0,0,0,0,0,0,0,0,0,0,0,19,15,34,0,0,0,1,3,0,2025,0
"Christian Rozeboom","CAR","LB",15,0,0,0,0,0,0,0,0,0,0,0,0,56,63,119,7,2,2,1,3,1,2025,0
"Christian Watson","GB","WR",10,0,0,0,0,0,1,3,0,35,55,611,6,1,0,1,0,0,0,0,0,0,2025,0
"Chuba Hubbard","CAR","RB",15,0,0,0,0,0,134,511,1,30,39,223,3,1,0,1,0,0,0,0,0,0,2025,0
"Chuck Clark","PIT","DB",13,0,0,0,0,0,0,0,0,0,0,0,0,29,20,49,2,1,0,0,3,1,2025,0
"Claudin Cherelus","CAR","LB",9,0,0,0,0,0,0,0,0,0,0,0,0,14,18,32,0,0,0,0,1,0,2025,0
"Clelin Ferrell","SF","DE",7,0,0,0,0,0,0,0,0,0,0,0,0,13,11,24,4,5,4,0,0,0,2025,0
"Cobie Durant","LA","CB",17,0,0,0,0,0,0,0,0,0,0,0,0,29,10,39,1,0,0,3,7,0,2025,0
"Coby Bryant","SEA","SAF",15,0,0,0,0,0,0,0,0,0,0,0,0,37,27,64,4,0,0,4,7,1,2025,0
"Cody Barton","TEN","LB",17,0,0,0,0,0,0,0,0,0,0,0,0,34,44,78,4,1,1,3,11,0,2025,0
"Cody Simon","ARI","LB",14,0,0,0,0,0,0,0,0,0,0,0,0,29,46,75,2,1,0.5,0,2,1,2025,1
"Colby Parkinson","LA","TE",14,0,0,0,0,0,0,0,0,43,56,408,8,1,0,1,0,0,0,0,0,0,2025,0
"Colby Wooden","GB","DE",15,0,0,0,0,0,0,0,0,0,0,0,0,24,24,48,6,3,0,0,1,0,2025,0
"Cole Bishop","BUF","SAF",16,0,0,0,0,0,0,0,0,0,0,0,0,52,32,84,4,2,2,3,7,0,2025,0
"Cole Holcomb","PIT","LB",11,0,0,0,0,0,0,0,0,0,0,0,0,24,13,37,0,0,0,0,0,1,2025,0
"Cole Kmet","CHI","TE",16,0,1,0,0,0,0,0,0,30,48,347,2,0,1,1,0,0,0,0,0,0,2025,0
"Colston Loveland","CHI","TE",16,0,0,0,0,0,1,-2,0,58,82,713,6,1,0,1,0,0,0,0,0,0,2025,1
"Cooper DeJean","PHI","CB",16,0,0,0,0,0,0,0,0,0,0,0,0,63,29,92,4,1,0,2,16,1,2025,0
"Cooper Kupp","SEA","WR",16,0,1,0,0,1,0,0,0,47,70,593,2,1,0,1,0,0,0,0,0,0,2025,0
"Cooper McDonald","KC","LB",11,0,0,0,0,0,0,0,0,0,0,0,0,9,15,24,1,0,0,0,0,0,2025,1
"Cordale Flott","NYG","CB",14,0,0,0,0,0,0,0,0,0,0,0,0,25,11,36,3,0,0,1,11,1,2025,0
"Corey Thornton","CAR","CB",7,0,0,0,0,0,0,0,0,0,0,0,0,8,6,14,0,0,0,0,3,1,2025,1
"Cory Durden","NE","DT",16,0,0,0,0,0,0,0,0,0,0,0,0,6,20,26,5,1,0,0,0,0,2025,0
"Courtland Sutton","DEN","WR",17,0,0,0,0,0,0,0,0,74,124,1017,7,2,0,2,0,0,0,0,0,0,2025,0
"Craig Woodson","NE","SAF",17,0,0,0,0,0,0,0,0,0,0,0,0,41,37,78,4,0,0,0,3,0,2025,1
"Curtis Robinson","SF","LB",10,0,0,0,0,0,0,0,0,0,0,0,0,18,23,41,1,0,0,0,1,0,2025,0
"D'Andre Swift","CHI","RB",16,0,0,0,0,0,223,1087,9,34,48,299,1,0,0,0,0,0,0,0,0,0,2025,0
"D'Marco Jackson","CHI","LB",13,0,0,0,0,0,0,0,0,0,0,0,0,18,25,43,2,1,1,1,3,0,2025,0
"D.J. Ivey","CIN","CB",10,0,0,0,0,0,0,0,0,0,0,0,0,10,7,17,0,0,0,0,3,0,2025,0
"D.J. Jones","DEN","DT",16,0,0,0,0,0,0,0,0,0,0,0,0,20,18,38,4,6,3,0,1,0,2025,0
"D.J. Reed","DET","CB",11,0,0,0,0,0,0,0,0,0,0,0,0,36,9,45,0,0,0,2,7,1,2025,0
"D.J. Wonnum","CAR","LB",16,0,0,0,0,0,0,0,0,0,0,0,0,19,23,42,4,4,3,1,3,0,2025,0
"DJ Moore","CHI","WR",17,1,1,2,1,0,15,79,1,50,85,682,6,1,0,1,0,0,0,0,0,0,2025,0
"DJ Reader","DET","DE",13,0,0,0,0,0,0,0,0,0,0,0,0,11,17,28,0,4,0,0,0,0,2025,0
"DJ Turner II","CIN","CB",16,0,0,0,0,0,0,0,0,0,0,0,0,27,12,39,2,0,0,2,18,2,2025,0
"DK Metcalf","PIT","WR",15,0,0,0,0,0,2,12,1,59,99,850,6,4,0,4,0,0,0,0,0,0,2025,0
"Da'Shawn Hand","LAC","DE",13,0,0,0,0,0,0,0,0,0,0,0,0,16,11,27,5,5,1.5,1,4,0,2025,0
"DaQuan Jones","BUF","DT",12,0,0,0,0,0,0,0,0,0,0,0,0,10,11,21,3,8,3,1,2,1,2025,0
"DaRon Bland","DAL","CB",12,0,0,0,0,0,0,0,0,0,0,0,0,44,28,72,3,0,0,1,6,0,2025,0
"DaVon Hamilton","JAX","DT",15,0,0,0,0,0,0,0,0,0,0,0,0,13,23,36,3,3,1,0,0,0,2025,0
"Dadrion Taylor-Demerson","ARI","SAF",12,0,0,0,0,0,0,0,0,0,0,0,0,31,27,58,0,0,0,2,6,0,2025,0
"Daiyan Henley","LAC","LB",16,0,0,0,0,0,0,0,0,0,0,0,0,52,49,101,5,6,3.5,2,5,0,2025,0
"Dak Prescott","DAL","QB",17,404,600,4552,30,10,53,177,2,0,0,0,0,2,0,2,0,0,0,0,0,0,2025,0
"Dallas Goedert","PHI","TE",15,0,0,0,0,0,0,0,0,60,82,591,11,2,0,2,0,0,0,0,0,0,2025,0
"Dallas Turner","MIN","LB",17,0,0,0,0,0,0,0,0,0,0,0,0,29,37,66,11,15,8,0,3,4,2025,0
"Dalton Kincaid","BUF","TE",12,0,0,0,0,0,0,0,0,39,49,571,5,0,0,0,0,0,0,0,0,0,2025,0
"Dalton Schultz","HOU","TE",17,0,0,0,0,0,0,0,0,82,106,777,3,1,1,2,0,0,0,0,0,0,2025,0
"Dalvin Tomlinson","ARI","DE",14,0,0,0,0,0,0,0,0,0,0,0,0,12,13,25,3,3,1,0,1,0,2025,0
"Dane Belton","NYG","SAF",17,0,0,0,0,0,0,0,0,0,0,0,0,60,60,120,3,2,2,1,5,3,2025,0
"Daniel Bellinger","NYG","TE",13,0,0,0,0,0,0,0,0,19,26,286,2,1,0,1,0,0,0,0,0,0,2025,0
"Daniel Hardy","CHI","DE",13,0,0,0,0,0,0,0,0,0,0,0,0,7,15,22,0,1,0,0,0,0,2025,0
"Daniel Jones","IND","QB",13,261,384,3101,19,8,45,164,5,0,0,0,0,1,0,1,0,0,0,0,0,0,2025,0
"Daniel Thomas","DET","SAF",9,0,0,0,0,0,0,0,0,0,0,0,0,10,13,23,1,0,0,0,1,0,2025,0
"Danielle Hunter","HOU","DE",16,0,0,0,0,0,0,0,0,0,0,0,0,28,26,54,15,22,15,0,3,3,2025,0
"Danny Stutsman","NO","LB",16,0,0,0,0,0,0,0,0,0,0,0,0,25,28,53,0,0,0,0,0,0,2025,1
"Dante Fowler Jr.","DAL","DE",13,0,0,0,0,0,0,0,0,0,0,0,0,10,5,15,4,10,3,0,3,0,2025,0
"Dante Stills","ARI","DT",15,0,0,0,0,0,0,0,0,0,0,0,0,17,17,34,2,2,0,0,1,0,2025,0
"Dante Trader Jr.","MIA","SAF",15,0,0,0,0,0,0,0,0,0,0,0,0,28,26,54,0,0,0,0,1,1,2025,1
"Darien Porter","LV","CB",11,0,0,0,0,0,0,0,0,0,0,0,0,29,13,42,0,0,0,0,3,0,2025,1
"Darious Williams","LA","CB",11,0,0,0,0,0,0,0,0,0,0,0,0,17,7,24,1,0,0,1,8,0,2025,0
"Darius Alexander","NYG","DT",11,0,0,0,0,0,0,0,0,0,0,0,0,9,11,20,4,6,3.5,0,1,0,2025,1
"Darius Muasau","NYG","LB",12,0,0,0,0,0,0,0,0,0,0,0,0,23,27,50,2,1,1,0,1,0,2025,0
"Darius Robinson","ARI","DL",15,0,0,0,0,0,0,0,0,0,0,0,0,13,28,41,4,2,1,0,0,0,2025,0
"Darius Slay","PIT","CB",10,0,0,0,0,0,0,0,0,0,0,0,0,28,8,36,1,0,0,0,3,0,2025,0
"Darius Slayton","NYG","WR",14,0,0,0,0,0,0,0,0,37,63,538,1,0,0,0,0,0,0,0,0,0,2025,0
"Darnell Mooney","ATL","WR",15,0,0,0,0,0,0,0,0,32,72,443,1,0,0,0,0,0,0,0,0,0,2025,0
"Darnell Washington","PIT","TE",13,0,0,0,0,0,0,0,0,31,43,364,1,0,0,0,0,0,0,0,0,0,2025,0
"Daron Payne","WAS","NT",14,0,0,0,0,0,0,0,0,0,0,0,0,19,26,45,7,8,3,0,5,1,2025,0
"Darrell Baker Jr.","TEN","CB",15,0,0,0,0,0,0,0,0,0,0,0,0,38,16,54,0,0,0,0,7,0,2025,0
"Darrell Luter Jr.","SF","CB",9,0,0,0,0,0,0,0,0,0,0,0,0,16,11,27,1,0,0,0,1,0,2025,0
"Darren Hall","ARI","CB",8,0,0,0,0,0,0,0,0,0,0,0,0,8,13,21,0,0,0,0,0,0,2025,0
"Darren Waller","MIA","TE",9,0,0,0,0,0,1,4,0,24,34,283,6,0,0,0,0,0,0,0,0,0,2025,0
"Davante Adams","LA","WR",14,0,0,0,0,0,0,0,0,60,114,789,14,1,0,1,0,0,0,0,0,0,2025,0
"David Montgomery","DET","RB",17,1,2,3,1,0,158,716,8,24,29,192,0,0,0,0,0,0,0,0,0,0,2025,0
"David Njoku","CLE","TE",11,0,0,0,0,0,0,0,0,33,48,293,4,0,0,0,0,0,0,0,0,0,2025,0
"David Onyemata","ATL","DT",16,0,0,0,0,0,0,0,0,0,0,0,0,28,33,61,7,2,1,0,0,0,2025,0
"David Sills","ATL","WR",12,0,0,0,0,0,0,0,0,18,36,191,2,2,0,2,0,0,0,0,0,0,2025,0
"Davis Allen","LA","TE",15,0,0,0,0,0,0,0,0,24,33,208,3,0,1,1,0,0,0,0,0,0,2025,0
"Davis Mills","HOU","QB",6,91,159,915,5,1,13,60,1,0,0,0,0,0,0,0,0,0,0,0,0,0,2025,0
"Davon Godchaux","NO","DT",16,0,0,0,0,0,0,0,0,0,0,0,0,14,29,43,2,1,0,0,0,1,2025,0
"Dawson Knox","BUF","TE",16,0,0,0,0,0,0,0,0,36,49,417,4,1,0,1,0,0,0,0,0,0,2025,0
"Dawuane Smoot","JAX","DE",13,0,0,0,0,0,0,0,0,0,0,0,0,10,13,23,3,5,2,0,0,0,2025,0
"Daxton Hill","CIN","CB",16,0,0,0,0,0,0,0,0,0,0,0,0,56,31,87,2,0,0,1,11,0,2025,0
"Dayo Odeyingbo","CHI","DE",8,0,0,0,0,0,0,0,0,0,0,0,0,9,12,21,2,4,1,0,1,0,2025,0
"De'Von Achane","MIA","RB",16,0,0,0,0,0,238,1350,8,67,85,488,4,3,0,3,0,0,0,0,0,0,2025,0
"DeAndre Hopkins","BAL","WR",17,0,0,0,0,0,0,0,0,22,39,330,2,0,0,0,0,0,0,0,0,0,2025,0
"DeAngelo Malone","ATL","LB",7,0,0,0,0,0,0,0,0,0,0,0,0,2,6,8,0,0,0,1,1,0,2025,0
"DeForest Buckner","IND","DT",10,0,0,0,0,0,0,0,0,0,0,0,0,30,17,47,9,13,4,0,0,0,2025,0
"DeMarcus Lawrence","SEA","LB",16,0,0,0,0,0,0,0,0,0,0,0,0,23,29,52,11,20,6,0,1,3,2025,0
"DeMario Douglas","NE","WR",16,0,0,0,0,0,7,21,0,31,46,447,3,0,0,0,0,0,0,0,0,0,2025,0
"DeMarvion Overshown","DAL","LB",6,0,0,0,0,0,0,0,0,0,0,0,0,15,13,28,1,0,0,0,0,0,2025,0
"DeVonta Smith","PHI","WR",17,0,0,0,0,0,0,0,0,77,113,1008,4,0,0,0,0,0,0,0,0,0,2025,0
"Dee Alford","ATL","CB",15,0,0,0,0,0,0,0,0,0,0,0,0,55,12,67,6,3,2,3,13,1,2025,0
"Dee Winters","SF","LB",17,0,0,0,0,0,0,0,0,0,0,0,0,64,34,98,8,3,0,1,5,0,2025,0
"Deebo Samuel Sr.","WAS","WR",16,0,0,0,0,0,17,75,1,72,99,727,5,4,1,5,0,0,0,0,0,0,2025,0
"Deion Jones","TB","LB",13,0,0,0,0,0,0,0,0,0,0,0,0,15,13,28,0,0,0,0,0,0,2025,0
"Del'Shawn Phillips","LAC","LB",13,0,0,0,0,0,0,0,0,0,0,0,0,16,21,37,1,2,1,0,0,0,2025,0
"Dell Pettus","NE","SAF",11,0,0,0,0,0,0,0,0,0,0,0,0,11,9,20,1,1,1,0,2,1,2025,0
"Demarcus Robinson","SF","WR",14,0,0,0,0,0,1,6,0,22,35,276,1,0,0,0,0,0,0,0,0,0,2025,0
"Demario Davis","NO","OLB",17,0,0,0,0,0,0,0,0,0,0,0,0,61,79,140,6,2,0.5,0,3,2,2025,0
"Demetrius Flannigan-Fowles","NYG","LB",7,0,0,0,0,0,0,0,0,0,0,0,0,18,12,30,3,1,1,0,1,0,2025,0
"Demetrius Knight Jr.","CIN","LB",17,0,0,0,0,0,0,0,0,0,0,0,0,55,48,103,4,5,3,2,7,1,2025,1
"Denico Autry","HOU","DT",9,0,0,0,0,0,0,0,0,0,0,0,0,5,3,8,3,4,3.5,0,1,1,2025,0
"Dennis Gardeck","JAX","LB",15,0,0,0,0,0,0,0,0,0,0,0,0,27,20,47,6,9,2.5,0,2,1,2025,0
"Denzel Burke","ARI","CB",14,0,0,0,0,0,0,0,0,0,0,0,0,33,15,48,2,0,0,3,11,0,2025,1
"Denzel Perryman","LAC","MLB",9,0,0,0,0,0,0,0,0,0,0,0,0,27,17,44,4,0,0,0,3,0,2025,0
"Denzel Ward","CLE","CB",14,0,0,0,0,0,0,0,0,0,0,0,0,27,10,37,2,0,0,1,9,0,2025,0
"Deommodore Lenoir","SF","CB",17,0,0,0,0,0,0,0,0,0,0,0,0,36,22,58,4,0,0,2,5,0,2025,0
"Deone Walker","BUF","DT",15,0,0,0,0,0,0,0,0,0,0,0,0,15,22,37,8,4,1,0,4,0,2025,1
"Deonte Banks","NYG","CB",14,0,0,0,0,0,0,0,0,0,0,0,0,23,7,30,2,0,0,0,5,0,2025,0
"Derek Barnett","HOU","DE",16,0,0,0,0,0,0,0,0,0,0,0,0,12,8,20,8,10,5,0,0,0,2025,0
"Derek Stingley Jr.","HOU","CB",15,0,0,0,0,0,0,0,0,0,0,0,0,26,10,36,1,0,0,4,15,1,2025,0
"Derick Hall","SEA","LB",14,0,0,0,0,0,0,0,0,0,0,0,0,11,19,30,3,13,2,0,2,0,2025,0
"Derrick Barnes","DET","LB",17,0,0,0,0,0,0,0,0,0,0,0,0,40,38,78,6,5,4,1,3,0,2025,0
"Derrick Brown","CAR","DE",16,0,0,0,0,0,0,0,0,0,0,0,0,32,40,72,5,11,5,0,7,1,2025,0
"Derrick Harmon","PIT","DT",12,0,0,0,0,0,0,0,0,0,0,0,0,11,16,27,1,5,3,0,1,0,2025,1
"Derrick Henry","BAL","RB",17,0,1,0,0,0,307,1595,16,15,21,150,0,1,0,1,0,0,0,0,0,0,2025,0
"Derwin James","LAC","FS",15,0,0,0,0,0,0,0,0,0,0,0,0,49,44,93,6,8,2,3,7,1,2025,0
"Devaughn Vele","NO","WR",9,0,0,0,0,0,0,0,0,25,39,293,2,1,0,1,0,0,0,0,0,0,2025,0
"Devin Bush","CLE","LB",17,0,0,0,0,0,0,0,0,0,0,0,0,61,62,123,7,4,2,3,8,2,2025,0
"Devin Lloyd","JAX","LB",15,0,0,0,0,0,0,0,0,0,0,0,0,33,46,79,6,10,1.5,5,7,0,2025,0
"Devin Neal","NO","RB",9,0,0,0,0,0,57,206,2,17,19,104,0,1,0,1,0,0,0,0,0,0,2025,1
"Devin Singletary","NYG","RB",17,0,0,0,0,0,119,437,5,18,19,151,0,1,0,1,0,0,0,0,0,0,2025,0
"Devin White","LV","LB",17,0,0,0,0,0,0,0,0,0,0,0,0,90,79,169,11,7,2.5,1,3,1,2025,0
"Devon Key","DEN","SAF",15,0,0,0,0,0,0,0,0,0,0,0,0,19,9,28,0,0,0,0,1,1,2025,0
"Devon Witherspoon","SEA","CB",12,0,0,0,0,0,0,0,0,0,0,0,0,48,24,72,2,4,0.5,1,7,0,2025,0
"Devonte Wyatt","GB","DT",9,0,0,0,0,0,0,0,0,0,0,0,0,15,12,27,6,7,4,0,2,0,2025,0
"Dexter Lawrence","NYG","DT",16,0,0,0,0,0,0,0,0,0,0,0,0,13,17,30,4,8,0.5,1,4,0,2025,0
"Dillon Gabriel","CLE","QB",10,110,185,937,7,2,14,86,0,0,0,0,0,0,1,1,0,0,0,0,0,0,2025,1
"Divine Deablo","ATL","LB",13,0,0,0,0,0,0,0,0,0,0,0,0,36,35,71,5,2,1,0,7,0,2025,0
"Dondrea Tillman","DEN","LB",17,0,0,0,0,0,0,0,0,0,0,0,0,13,28,41,3,9,4,2,3,0,2025,0
"Donovan Ezeiruaku","DAL","DE",17,0,0,0,0,0,0,0,0,0,0,0,0,19,20,39,9,12,2,0,0,1,2025,1
"Donovan Wilson","DAL","SAF",15,0,0,0,0,0,0,0,0,0,0,0,0,39,32,71,3,0,0,2,5,1,2025,0
"Dont'e Thornton Jr.","LV","WR",11,0,0,0,0,0,0,0,0,10,30,135,0,1,0,1,0,0,0,0,0,0,2025,1
"Dontayvion Wicks","GB","WR",13,0,0,0,0,0,1,6,0,30,46,332,2,1,0,1,0,0,0,0,0,0,2025,0
"Donte Jackson","LAC","CB",15,0,0,0,0,0,0,0,0,0,0,0,0,16,8,24,1,0,0,4,12,0,2025,0
"Dorance Armstrong","WAS","DE",6,0,0,0,0,0,0,0,0,0,0,0,0,15,8,23,7,7,5.5,0,0,0,2025,0
"Dorian Williams","BUF","LB",16,0,0,0,0,0,0,0,0,0,0,0,0,28,34,62,1,3,0,0,2,0,2025,0
"Drake London","ATL","WR",12,0,0,0,0,0,0,0,0,68,112,919,7,2,0,2,0,0,0,0,0,0,2025,0
"Drake Maye","NE","QB",17,354,492,4394,31,8,103,450,4,1,1,2,0,0,0,0,0,0,0,0,0,0,2025,0
"Drake Thomas","SEA","LB",16,0,0,0,0,0,0,0,0,0,0,0,0,45,49,94,10,6,3.5,1,8,0,2025,0
"Dre Greenlaw","DEN","LB",8,0,0,0,0,0,0,0,0,0,0,0,0,15,28,43,2,2,1,1,2,1,2025,0
"Dre'Mont Jones","BAL","DE",8,0,0,0,0,0,0,0,0,0,0,0,0,6,11,17,2,15,2.5,0,1,0,2025,0
"Dre'Mont Jones","TEN","DE",9,0,0,0,0,0,0,0,0,0,0,0,0,12,13,25,5,9,4.5,0,0,0,2025,0
"Drew Sample","CIN","TE",12,0,0,0,0,0,1,3,0,15,20,106,1,0,1,1,0,0,0,0,0,0,2025,0
"Drue Tranquill","KC","LB",17,0,0,0,0,0,0,0,0,0,0,0,0,52,48,100,10,3,2,0,1,1,2025,0
"Dyami Brown","JAX","WR",11,0,0,0,0,0,6,30,0,20,37,227,1,0,0,0,0,0,0,0,0,0,2025,0
"Dylan Horton","HOU","DE",14,0,0,0,0,0,0,0,0,0,0,0,0,11,15,26,1,4,0.5,0,0,1,2025,0
"Dylan Sampson","CLE","RB",15,0,0,0,0,0,65,175,0,33,40,271,2,1,1,2,0,0,0,0,0,0,2025,1
"E.J. Speed","HOU","LB",14,0,0,0,0,0,0,0,0,0,0,0,0,31,29,60,2,2,0,0,1,0,2025,0
"Eddie Goldman","WAS","NT",12,0,0,0,0,0,0,0,0,0,0,0,0,8,16,24,4,1,0,0,0,0,2025,0
"Edgerrin Cooper","GB","LB",16,0,0,0,0,0,0,0,0,0,0,0,0,61,55,116,4,3,0.5,0,4,2,2025,0
"Elandon Roberts","LV","OLB",17,0,0,0,0,0,0,0,0,0,0,0,0,40,48,88,6,1,0,0,1,0,2025,0
"Elic Ayomanor","TEN","WR",16,0,0,0,0,0,0,0,0,41,89,515,4,1,0,1,0,0,0,0,0,0,2025,1
"Elijah Arroyo","SEA","TE",13,0,0,0,0,0,0,0,0,15,26,179,1,0,0,0,0,0,0,0,0,0,2025,1
"Elijah Higgins","ARI","TE",17,0,0,0,0,0,0,0,0,30,37,301,0,5,5,10,0,0,0,0,0,0,2025,0
"Elijah Molden","LAC","CB",12,0,0,0,0,0,0,0,0,0,0,0,0,27,24,51,0,0,0,1,1,0,2025,0
"Elijah Ponder","NE","LB",14,0,0,0,0,0,0,0,0,0,0,0,0,14,10,24,4,5,4,0,0,0,2025,1
"Elijah Roberts","TB","DE",12,0,0,0,0,0,0,0,0,0,0,0,0,9,4,13,2,5,2,0,3,0,2025,1
"Emanuel Wilson","GB","RB",17,0,0,0,0,0,125,496,3,15,17,99,0,1,0,1,0,0,0,0,0,0,2025,0
"Emari Demercado","ARI","RB",12,0,0,0,0,0,44,312,0,13,20,101,1,3,2,5,0,0,0,0,0,0,2025,0
"Emeka Egbuka","TB","WR",17,0,0,0,0,0,2,9,0,63,127,938,6,0,0,0,0,0,0,0,0,0,2025,1
"Emmanuel Forbes","LA","CB",17,0,0,0,0,0,0,0,0,0,0,0,0,32,13,45,0,0,0,3,18,1,2025,0
"Eric Murray","JAX","S",12,0,0,0,0,0,0,0,0,0,0,0,0,30,22,52,2,2,1,1,6,1,2025,0
"Eric Stokes","LV","CB",16,0,0,0,0,0,0,0,0,0,0,0,0,33,18,51,3,0,0,0,5,0,2025,0
"Eric Wilson","MIN","LB",17,0,0,0,0,0,0,0,0,0,0,0,0,56,55,111,17,10,6.5,0,0,4,2025,0
"Ernest Jones","SEA","LB",15,0,0,0,0,0,0,0,0,0,0,0,0,58,66,124,4,1,0.5,5,7,0,2025,0
"Ethan Bonner","MIA","CB",10,0,0,0,0,0,0,0,0,0,0,0,0,6,8,14,1,0,0,1,2,0,2025,0
"Evan Engram","DEN","TE",16,0,0,0,0,0,1,7,0,50,76,461,1,0,0,0,0,0,0,0,0,0,2025,0
"Evan Williams","GB","SAF",16,0,0,0,0,0,0,0,0,0,0,0,0,46,52,98,4,0,0,3,5,0,2025,0
"Eyioma Uwazurike","DEN","DT",16,0,0,0,0,0,0,0,0,0,0,0,0,15,23,38,5,5,3.5,0,0,0,2025,0
"Foye Oluokun","JAX","LB",17,0,0,0,0,0,0,0,0,0,0,0,0,68,74,142,5,2,1,1,11,2,2025,0
"Francisco Mauigoa","NYJ","LB",12,0,0,0,0,0,0,0,0,0,0,0,0,16,29,45,0,0,0,0,0,0,2025,1
"Frankie Luvu","WAS","LB",17,0,0,0,0,0,0,0,0,0,0,0,0,40,44,84,5,6,3,0,6,2,2025,0
"Fred Warner","SF","MLB",6,0,0,0,0,0,0,0,0,0,0,0,0,27,23,50,2,0,0,0,3,2,2025,0
"Garrett Williams","ARI","CB",10,0,0,0,0,0,0,0,0,0,0,0,0,25,21,46,1,0,0,1,5,1,2025,0
"Garrett Wilson","NYJ","WR",7,0,0,0,0,0,0,0,0,36,59,395,4,1,0,1,0,0,0,0,0,0,2025,0
"Geno Smith","LV","QB",15,302,448,3025,19,17,41,109,0,0,0,0,0,0,0,0,0,0,0,0,0,0,2025,0
"Geno Stone","CIN","SAF",16,0,0,0,0,0,0,0,0,0,0,0,0,64,39,103,4,4,2,2,4,0,2025,0
"George Karlaftis","KC","DE",16,0,0,0,0,0,0,0,0,0,0,0,0,23,23,46,10,23,6,0,2,0,2025,0
"George Kittle","SF","TE",11,0,0,0,0,0,1,-3,0,57,69,628,7,1,0,1,0,0,0,0,0,0,2025,0
"George Pickens","DAL","WR",17,0,0,0,0,0,0,0,0,93,137,1429,9,2,0,2,0,0,0,0,0,0,2025,0
"Germaine Pratt","IND","LB",12,0,0,0,0,0,0,0,0,0,0,0,0,56,44,100,5,0,0,1,8,1,2025,0
"Gervon Dexter Sr.","CHI","DT",16,0,0,0,0,0,0,0,0,0,0,0,0,20,23,43,6,11,6,0,0,0,2025,0
"Grady Jarrett","CHI","DT",13,0,0,0,0,0,0,0,0,0,0,0,0,14,25,39,1,8,1.5,0,3,0,2025,0
"Grant Delpit","CLE","SAF",17,0,0,0,0,0,0,0,0,0,0,0,0,45,41,86,4,7,3,1,4,2,2025,0
"Greg Dortch","ARI","WR",12,0,0,0,0,0,7,15,1,29,33,206,3,1,2,3,0,0,0,0,0,0,2025,0
"Greg Dulcich","MIA","TE",9,0,0,0,0,0,1,-7,0,26,33,335,1,1,1,2,0,0,0,0,0,0,2025,0
"Greg Gaines","TB","DT",14,0,0,0,0,0,0,0,0,0,0,0,0,11,11,22,3,2,2,0,0,0,2025,0
"Greg Newsome II","JAX","CB",10,0,0,0,0,0,0,0,0,0,0,0,0,23,6,29,0,0,0,1,6,0,2025,0
"Greg Rousseau","BUF","DE",16,0,0,0,0,0,0,0,0,0,0,0,0,23,22,45,6,23,7,0,2,1,2025,0
"Grover Stewart","IND","DT",17,0,0,0,0,0,0,0,0,0,0,0,0,21,32,53,5,7,0.5,1,4,1,2025,0
"Gunnar Helm","TEN","TE",16,0,0,0,0,0,0,0,0,44,55,357,2,1,0,1,0,0,0,0,0,0,2025,1
"Haason Reddick","TB","OLB",13,0,0,0,0,0,0,0,0,0,0,0,0,18,13,31,6,6,2.5,0,1,1,2025,0
"Harold Fannin Jr.","CLE","TE",16,0,0,0,0,0,7,13,1,72,107,731,6,0,1,1,0,0,0,0,0,0,2025,1
"Harold Landry III","NE","LB",14,0,0,0,0,0,0,0,0,0,0,0,0,26,21,47,10,19,8.5,0,0,1,2025,0
"Harrison Phillips","NYJ","DT",17,0,0,0,0,0,0,0,0,0,0,0,0,22,38,60,5,1,0.5,0,1,1,2025,0
"Harrison Smith","MIN","FS",14,0,0,0,0,0,0,0,0,0,0,0,0,37,17,54,3,2,1,2,10,1,2025,0
"Henry To'oTo'o","HOU","LB",17,0,0,0,0,0,0,0,0,0,0,0,0,42,53,95,9,4,2.5,0,4,0,2025,0
"Hunter Henry","NE","TE",17,0,0,0,0,0,0,0,0,60,87,768,7,0,0,0,0,0,0,0,0,0,2025,0
"Hunter Renfrow","CAR","WR",6,0,0,0,0,0,0,0,0,15,26,89,2,0,0,0,0,0,0,0,0,0,2025,0
"Ifeatu Melifonwu","MIA","SAF",14,0,0,0,0,0,0,0,0,0,0,0,0,30,22,52,1,1,1,1,1,0,2025,0
"Isaac TeSlaa","DET","WR",14,0,0,0,0,0,0,0,0,16,27,239,6,1,1,2,0,0,0,0,0,0,2025,1
"Isaac Yiadom","NO","CB",11,0,0,0,0,0,0,0,0,0,0,0,0,18,7,25,1,0,0,0,0,0,2025,0
"Isaiah Bond","CLE","WR",15,0,0,0,0,0,5,29,0,18,44,338,0,1,0,1,0,0,0,0,0,0,2025,1
"Isaiah Davis","NYJ","RB",16,0,0,0,0,0,43,236,1,21,28,186,0,2,6,8,0,0,0,0,0,0,2025,0
"Isaiah Likely","BAL","TE",12,0,0,0,0,0,0,0,0,27,36,307,1,0,0,0,0,0,0,0,0,0,2025,0
"Isaiah McDuffie","GB","LB",16,0,0,0,0,0,0,0,0,0,0,0,0,46,45,91,3,3,1,1,1,0,2025,0
"Isaiah McGuire","CLE","DE",15,0,0,0,0,0,0,0,0,0,0,0,0,13,13,26,8,6,2,0,0,1,2025,0
"Isaiah Oliver","NYJ","SAF",13,0,0,0,0,0,0,0,0,0,0,0,0,29,26,55,0,0,0,0,3,0,2025,0
"Isaiah Pola-Mao","LV","SAF",17,0,0,0,0,0,1,3,0,0,0,0,0,57,34,91,3,0,0,2,4,0,2025,0
"Isaiah Rodgers","MIN","CB",17,0,0,0,0,0,0,0,0,0,0,0,0,46,19,65,4,0,0,1,4,2,2025,0
"Isaiah Stalbird","NO","LB",11,0,0,0,0,0,0,0,0,0,0,0,0,12,13,25,2,3,2,0,1,0,2025,0
"Isaiah Williams","NYJ","WR",15,0,1,0,0,0,3,34,0,26,36,193,0,0,0,0,0,0,0,0,0,0,2025,0
"Isiah Pacheco","KC","RB",13,0,0,0,0,0,118,462,1,19,26,101,1,0,0,0,0,0,0,0,0,0,2025,0
"Ivan Pace Jr.","MIN","LB",15,0,0,0,0,0,0,0,0,0,0,0,0,30,28,58,2,6,1,0,0,0,2025,0
"J.J. McCarthy","MIN","QB",10,140,243,1632,11,12,37,181,4,0,0,0,0,0,0,0,0,0,0,0,0,0,2025,0
"J.K. Dobbins","DEN","RB",10,0,0,0,0,0,153,772,4,11,14,37,0,0,0,0,0,0,0,0,0,0,2025,0
"JD Bertrand","ATL","LB",9,0,0,0,0,0,0,0,0,0,0,0,0,13,22,35,1,0,0,0,2,0,2025,0
"Ja'Marr Chase","CIN","WR",16,0,0,0,0,0,3,14,0,125,185,1412,8,5,0,5,0,0,0,0,0,0,2025,0
"Ja'Quan McMillian","DEN","CB",16,0,0,0,0,0,0,0,0,0,0,0,0,40,16,56,5,4,4,2,9,2,2025,0
"Ja'Tavion Sanders","CAR","TE",12,0,0,0,0,0,0,0,0,29,34,190,1,4,1,5,0,0,0,0,0,0,2025,0
"Jack Bech","LV","WR",14,0,0,0,0,0,0,0,0,20,29,224,0,2,1,3,0,0,0,0,0,0,2025,1
"Jack Campbell","DET","LB",17,0,0,0,0,0,0,0,0,0,0,0,0,87,87,174,9,5,5,0,4,3,2025,0
"Jack Cochrane","KC","LB",11,0,0,0,0,0,0,0,0,0,0,0,0,7,13,20,0,0,0,1,1,0,2025,0
"Jack Gibbens","NE","LB",17,0,0,0,0,0,0,0,0,0,0,0,0,41,38,79,8,3,1,0,4,1,2025,0
"Jack Jones","MIA","CB",17,0,0,0,0,0,0,0,0,0,0,0,0,49,28,77,4,0,0,1,6,2,2025,0
"Jack Sawyer","PIT","LB",16,0,0,0,0,0,0,0,0,0,0,0,0,15,18,33,3,6,1,2,4,0,2025,1
"Jacob Martin","WAS","DE",17,0,0,0,0,0,0,0,0,0,0,0,0,17,22,39,3,18,5.5,0,1,1,2025,0
"Jacob Parrish","TB","CB",16,0,0,0,0,0,0,0,0,0,0,0,0,50,26,76,7,3,2,2,7,0,2025,1
"Jacoby Brissett","ARI","QB",14,315,485,3366,23,8,38,168,1,0,0,0,0,0,0,0,0,0,0,0,0,0,2025,0
"Jacory Croskey-Merritt","WAS","RB",17,0,0,0,0,0,175,805,8,9,13,68,0,0,0,0,0,0,0,0,0,0,2025,1
"Jaden Hicks","KC","SAF",15,0,0,0,0,0,0,0,0,0,0,0,0,29,13,42,0,2,0.5,0,4,0,2025,0
"Jadeveon Clowney","DAL","OLB",12,0,0,0,0,0,0,0,0,0,0,0,0,21,17,38,12,10,8.5,0,4,1,2025,0
"Jaelan Phillips","MIA","LB",9,0,0,0,0,0,0,0,0,0,0,0,0,14,10,24,3,7,3,0,0,0,2025,0
"Jaelan Phillips","PHI","LB",8,0,0,0,0,0,0,0,0,0,0,0,0,13,14,27,4,7,2,0,4,1,2025,0
"Jahan Dotson","PHI","WR",15,0,0,0,0,0,0,0,0,18,36,262,1,0,0,0,0,0,0,0,0,0,2025,0
"Jahdae Barron","DEN","CB",16,0,0,0,0,0,0,0,0,0,0,0,0,24,11,35,0,0,0,1,5,0,2025,1
"Jahlani Tavai","NE","LB",12,0,0,0,0,0,0,0,0,0,0,0,0,20,21,41,4,0,0,0,0,1,2025,0
"Jahmyr Gibbs","DET","RB",17,0,0,0,0,0,243,1223,13,77,94,616,5,0,0,0,0,0,0,0,0,0,2025,0
"Jake Ferguson","DAL","TE",17,0,0,0,0,0,1,1,0,82,102,600,8,2,0,2,0,0,0,0,0,0,2025,0
"Jake Tonges","SF","TE",10,0,0,0,0,0,0,0,0,34,46,293,5,5,3,8,0,0,0,0,0,0,2025,0
"Jakobi Meyers","JAX","WR",9,0,0,0,0,0,5,13,0,42,61,483,3,0,0,0,0,0,0,0,0,0,2025,0
"Jakobi Meyers","LV","WR",7,0,0,0,0,0,0,0,0,33,49,352,0,0,1,1,0,0,0,0,0,0,2025,0
"Jaleel McLaughlin","DEN","RB",8,0,0,0,0,0,37,187,1,4,6,27,0,0,0,0,0,0,0,0,0,0,2025,0
"Jalen Carter","PHI","DT",12,0,0,0,0,0,0,0,0,0,0,0,0,19,12,31,5,12,3,0,7,0,2025,0
"Jalen Coker","CAR","WR",11,0,0,0,0,0,0,0,0,33,43,394,3,0,0,0,0,0,0,0,0,0,2025,0
"Jalen Davis","CIN","CB",6,0,0,0,0,0,0,0,0,0,0,0,0,7,13,20,2,2,1,1,1,1,2025,0
"Jalen Hurts","PHI","QB",16,294,454,3224,25,6,105,421,8,0,0,0,0,0,0,0,0,0,0,0,0,0,2025,0
"Jalen Nailor","MIN","WR",17,0,0,0,0,0,2,13,0,29,53,444,4,5,0,5,0,0,0,0,0,1,2025,0
"Jalen Pitre","HOU","SAF",14,0,0,0,0,0,0,0,0,0,0,0,0,41,31,72,3,0,0,4,12,0,2025,0
"Jalen Ramsey","PIT","CB",17,0,0,0,0,0,0,0,0,0,0,0,0,51,35,86,4,4,3,1,8,0,2025,0
"Jalen Redmond","MIN","DL",17,0,0,0,0,0,0,0,0,0,0,0,0,30,29,59,12,8,6,0,5,1,2025,0
"Jalen Thompson","ARI","SAF",15,0,0,0,0,0,0,0,0,0,0,0,0,57,36,93,2,0,1,0,6,1,2025,0
"Jalen Tolbert","DAL","WR",12,0,0,0,0,0,0,0,0,18,34,203,1,0,0,0,0,0,0,0,0,0,2025,0
"Jalon Walker","ATL","DE",14,0,0,0,0,0,0,0,0,0,0,0,0,23,12,35,5,9,5.5,0,1,2,2025,1
"Jalyn Armour-Davis","TEN","CB",10,0,0,0,0,0,0,0,0,0,0,0,0,16,16,32,1,0,0,0,2,0,2025,0
"Jalyn Holmes","WAS","DT",8,0,0,0,0,0,0,0,0,0,0,0,0,5,16,21,0,1,0,0,0,0,2025,0
"Jalyx Hunt","PHI","LB",17,0,0,0,0,0,0,0,0,0,0,0,0,27,24,51,9,24,6.5,3,3,2,2025,0
"Jamal Adams","LV","LB",17,0,0,0,0,0,0,0,0,0,0,0,0,28,14,42,4,2,1,0,0,1,2025,0
"Jamaree Caldwell","LAC","DT",13,0,0,0,0,0,0,0,0,0,0,0,0,13,17,30,5,1,1,0,1,1,2025,1
"Jamel Dean","TB","CB",13,0,0,0,0,0,0,0,0,0,0,0,0,38,8,46,1,2,1,3,9,2,2025,0
"James Cook","BUF","RB",17,0,0,0,0,0,309,1621,12,33,40,291,2,0,0,0,0,0,0,0,0,0,2025,0
"James Houston","DAL","DE",16,0,0,0,0,0,0,0,0,0,0,0,0,18,17,35,6,13,5.5,0,0,1,2025,0
"James Lynch","TEN","DT",16,0,0,0,0,0,0,0,0,0,0,0,0,12,11,23,1,3,0.5,0,1,0,2025,0
"James Pearce Jr.","ATL","DE",15,0,0,0,0,0,0,0,0,0,0,0,0,17,9,26,10,16,10.5,0,5,1,2025,1
"James Pierre","PIT","CB",10,0,0,0,0,0,0,0,0,0,0,0,0,14,16,30,1,0,0,1,11,0,2025,0
"James Williams","TEN","LB",11,0,0,0,0,0,0,0,0,0,0,0,0,21,4,25,3,1,1,0,0,0,2025,0
"Jameson Williams","DET","WR",17,0,0,0,0,0,6,12,0,65,102,1117,7,1,0,1,0,0,0,0,0,0,2025,0
"Jamien Sherwood","NYJ","LB",17,0,0,0,0,0,0,0,0,0,0,0,0,68,83,151,8,5,2,0,8,0,2025,0
"Jaquan Brisker","CHI","SAF",17,0,0,0,0,0,0,0,0,0,0,0,0,50,41,91,1,3,1,1,8,0,2025,0
"Jared Goff","DET","QB",17,393,578,4564,34,8,19,45,0,0,0,0,0,0,0,0,0,0,0,0,0,0,2025,0
"Jared Verse","LA","LB",17,0,0,0,0,0,0,0,0,0,0,0,0,31,23,54,11,27,7.5,0,1,3,2025,0
"Jaret Patterson","LAC","RB",6,0,0,0,0,0,41,159,1,3,4,8,0,0,0,0,0,0,0,0,0,0,2025,0
"Jarran Reed","SEA","DT",12,0,0,0,0,0,0,0,0,0,0,0,0,11,20,31,3,8,2.5,0,0,0,2025,0
"Jarrian Jones","JAX","CB",15,0,0,0,0,0,0,0,0,0,0,0,0,33,14,47,6,1,0,3,8,0,2025,0
"Jarvis Brownlee Jr.","NYJ","CB",6,0,0,0,0,0,0,0,0,0,0,0,0,23,12,35,1,0,0,0,2,1,2025,0
"Jason Marshall Jr.","MIA","CB",9,0,0,0,0,0,0,0,0,0,0,0,0,13,9,22,1,1,0,1,4,0,2025,1
"Jason Pinnock","SF","SAF",13,0,0,0,0,0,0,0,0,0,0,0,0,27,14,41,1,0,0,0,0,0,2025,0
"Jauan Jennings","SF","WR",15,0,0,0,0,0,0,0,0,55,90,643,9,1,0,1,0,0,0,0,0,0,2025,0
"Javon Bullard","GB","SAF",17,0,0,0,0,0,0,0,0,0,0,0,0,47,34,81,2,1,0,0,3,0,2025,0
"Javon Hargrave","MIN","NT",15,0,0,0,0,0,0,0,0,0,0,0,0,18,34,52,4,6,3.5,0,0,1,2025,0
"Javon Kinlaw","WAS","DT",16,0,0,0,0,0,0,0,0,0,0,0,0,24,19,43,5,3,0,0,0,1,2025,0
"Javonte Williams","DAL","RB",16,0,0,0,0,0,252,1201,11,35,51,137,2,1,0,1,0,0,0,0,0,0,2025,0
"Jaxon Smith-Njigba","SEA","WR",17,0,0,0,0,0,7,36,0,119,163,1793,10,3,0,3,0,0,0,0,0,0,2025,0
"Jaxson Dart","NYG","QB",14,216,339,2272,15,5,86,487,9,0,0,0,0,0,0,0,0,0,0,0,0,0,2025,1
"Jay Ward","MIN","SAF",12,0,0,0,0,0,0,0,0,0,0,0,0,13,14,27,1,0,0,0,0,0,2025,0
"Jaycee Horn","CAR","CB",15,0,0,0,0,0,0,0,0,0,0,0,0,25,11,36,1,0,0,5,8,0,2025,0
"Jayden Daniels","WAS","QB",7,114,188,1262,8,3,58,278,2,0,0,0,0,1,0,1,0,0,0,0,0,0,2025,0
"Jayden Higgins","HOU","WR",17,0,0,0,0,0,0,0,0,41,68,525,6,1,0,1,0,0,0,0,0,0,2025,1
"Jaylen Harrell","TEN","LB",15,0,0,0,0,0,0,0,0,0,0,0,0,13,11,24,5,8,4.5,0,0,1,2025,0
"Jaylen McCollough","LA","SAF",17,0,0,0,0,0,0,0,0,0,0,0,0,35,15,50,2,2,2,0,4,0,2025,0
"Jaylen Waddle","MIA","WR",16,1,1,8,0,0,2,28,0,64,100,910,6,4,1,5,0,0,0,0,0,0,2025,0
"Jaylen Warren","PIT","RB",16,0,0,0,0,0,211,958,6,40,45,333,2,0,0,0,0,0,0,0,0,0,2025,0
"Jaylen Watson","KC","CB",15,0,0,0,0,0,0,0,0,0,0,0,0,42,22,64,3,2,2,2,6,0,2025,0
"Jaylen Wright","MIA","RB",9,0,0,0,0,0,70,288,2,5,9,44,0,0,0,0,0,0,0,0,0,0,2025,0
"Jaylin Lane","WAS","WR",15,0,0,0,0,0,1,7,0,16,32,225,0,1,0,1,0,0,0,0,0,0,2025,1
"Jaylin Noel","HOU","WR",17,0,0,0,0,0,6,12,0,26,35,292,2,0,0,0,0,0,0,0,0,0,2025,1
"Jaylinn Hawkins","NE","SAF",15,0,0,0,0,0,0,0,0,0,0,0,0,44,27,71,3,5,1.5,4,6,1,2025,0
"Jaylon Johnson","CHI","CB",7,0,0,0,0,0,0,0,0,0,0,0,0,14,2,16,0,0,0,1,2,0,2025,0
"Jaylon Jones","IND","CB",8,0,0,0,0,0,0,0,0,0,0,0,0,13,5,18,1,0,0,0,4,0,2025,0
"Jeffery Simmons","TEN","DT",15,0,0,0,0,0,0,0,0,1,1,1,1,37,28,65,17,21,11,0,3,3,2025,0
"Jer'Zhan Newton","WAS","DT",13,0,0,0,0,0,0,0,0,0,0,0,0,20,17,37,4,9,5,0,1,1,2025,0
"Jeremiah Trotter Jr.","PHI","LB",13,0,0,0,0,0,0,0,0,0,0,0,0,14,17,31,1,2,0,0,0,0,2025,0
"Jeremy Chinn","LV","SAF",15,0,0,0,0,0,0,0,0,0,0,0,0,64,51,115,3,2,1,0,2,2,2025,0
"Jeremy McNichols","WAS","RB",16,0,0,0,0,0,44,221,1,25,31,196,0,1,0,1,0,0,0,0,0,0,2025,0
"Jeremy Reaves","WAS","SAF",17,0,0,0,0,0,0,0,0,0,0,0,0,53,34,87,5,2,1,1,7,0,2025,0
"Jeremy Ruckert","NYJ","TE",14,0,0,0,0,0,0,0,0,23,29,179,1,0,2,2,0,0,0,0,0,0,2025,0
"Jermaine Johnson II","NYJ","LB",14,0,0,0,0,0,0,0,0,0,0,0,0,21,21,42,5,6,3,0,2,0,2025,0
"Jerome Baker","CLE","OLB",16,0,0,0,0,0,0,0,0,0,0,0,0,10,29,39,3,1,1.5,0,0,2,2025,0
"Jerome Ford","CLE","RB",13,0,0,0,0,0,24,73,0,26,32,103,0,1,0,1,0,0,0,0,0,0,2025,0
"Jerry Jeudy","CLE","WR",17,0,0,0,0,0,1,5,0,50,106,602,2,3,0,3,0,0,0,0,0,0,2025,0
"Jerry Tillery","KC","DT",11,0,0,0,0,0,0,0,0,0,0,0,0,8,12,20,2,2,1.5,0,0,0,2025,0
"Jessie Bates","ATL","FS",17,0,0,0,0,0,0,0,0,0,0,0,0,56,41,97,1,2,0,3,6,1,2025,0
"Jevon Holland","NYG","SAF",13,0,0,0,0,0,0,0,0,0,0,0,0,38,25,63,0,0,0,1,5,0,2025,0
"Ji'Ayir Brown","SF","SAF",16,0,0,0,0,0,0,0,0,0,0,0,0,43,32,75,2,0,0,2,6,1,2025,0
"Jihaad Campbell","PHI","LB",16,0,0,0,0,0,0,0,0,0,0,0,0,42,36,78,2,1,0,1,3,1,2025,1
"Jihad Ward","TEN","LB",17,0,0,0,0,0,0,0,0,0,0,0,0,14,16,30,4,22,5,0,4,0,2025,0
"Joe Andreessen","BUF","LB",14,0,0,0,0,0,0,0,0,0,0,0,0,12,21,33,2,2,0,0,0,0,2025,0
"Joe Burrow","CIN","QB",8,173,259,1809,17,5,14,41,0,0,0,0,0,0,0,0,0,0,0,0,0,0,2025,0
"Joe Flacco","CIN","QB",9,158,256,1664,13,4,15,22,1,0,0,0,0,0,0,0,0,0,0,0,0,0,2025,0
"Joe Giles-Harris","CIN","LB",8,0,0,0,0,0,0,0,0,0,0,0,0,14,13,27,0,0,0,0,2,0,2025,0
"Joey Bosa","BUF","DE",15,0,0,0,0,0,0,0,0,0,0,0,0,17,12,29,9,16,5,0,2,5,2025,0
"Joey Porter Jr.","PIT","CB",14,0,0,0,0,0,0,0,0,0,0,0,0,34,17,51,0,0,1,1,14,0,2025,0
"John Franklin-Myers","DEN","DE",13,0,0,0,0,0,0,0,0,0,0,0,0,12,13,25,6,15,7.5,0,0,0,2025,0
"John Jenkins","BAL","DT",16,0,0,0,0,0,0,0,0,0,0,0,0,15,23,38,3,1,1,0,1,2,2025,0
"John Metchie III","NYJ","WR",9,0,0,0,0,0,3,-5,0,29,44,256,2,0,0,0,0,0,0,0,0,0,2025,0
"Johnathan Edwards","IND","CB",9,0,0,0,0,0,0,0,0,0,0,0,0,19,7,26,0,0,0,0,3,0,2025,1
"Jonah Elliss","DEN","LB",11,0,0,0,0,0,0,0,0,0,0,0,0,14,12,26,5,5,2.5,0,1,1,2025,0
"Jonah Laulu","LV","DT",17,0,0,0,0,0,0,0,0,0,0,0,0,21,27,48,8,7,4,0,5,0,2025,0
"Jonah Williams","NO","DE",10,0,0,0,0,0,0,0,0,0,0,0,0,7,10,17,5,5,3,0,0,0,2025,0
"Jonas Sanker","NO","SAF",16,0,0,0,0,0,0,0,0,0,0,0,0,45,34,79,3,0,0,2,6,0,2025,1
"Jonathan Allen","MIN","DE",17,0,0,0,0,0,0,0,0,0,0,0,0,28,39,67,7,11,3.5,0,0,0,2025,0
"Jonathan Bullard","NO","DE",13,0,0,0,0,0,0,0,0,0,0,0,0,9,14,23,4,0,0,0,2,0,2025,0
"Jonathan Greenard","MIN","LB",12,0,0,0,0,0,0,0,0,0,0,0,0,17,19,36,10,12,3,0,3,1,2025,0
"Jonathan Jones","WAS","CB",11,0,0,0,0,0,0,0,0,0,0,0,0,30,11,41,1,1,1,0,5,0,2025,0
"Jonathan Taylor","IND","RB",17,0,0,0,0,0,323,1585,18,46,55,378,2,1,0,1,0,0,0,0,0,0,2025,0
"Jonathon Cooper","DEN","LB",17,0,0,0,0,0,0,0,0,0,0,0,0,21,27,48,8,16,8,0,4,0,2025,0
"Jonnu Smith","PIT","TE",17,0,0,0,0,0,9,70,1,38,54,222,2,0,0,0,0,0,0,0,0,0,2025,0
"Jordan Addison","MIN","WR",14,0,0,0,0,0,2,81,1,42,79,610,3,1,0,1,0,0,0,0,0,0,2025,0
"Jordan Battle","CIN","SAF",17,0,0,0,0,0,0,0,0,0,0,0,0,60,63,123,2,0,0,4,6,2,2025,0
"Jordan Burch","ARI","LB",13,0,0,0,0,0,0,0,0,0,0,0,0,5,18,23,1,1,1,0,3,0,2025,1
"Jordan Davis","PHI","DT",17,0,0,0,0,0,0,0,0,0,0,0,0,32,38,70,9,6,4.5,0,6,0,2025,0
"Jordan Elliott","SF","DT",14,0,0,0,0,0,0,0,0,0,0,0,0,8,23,31,1,2,0,0,1,0,2025,0
"Jordan Hancock","BUF","CB",9,0,0,0,0,0,0,0,0,0,0,0,0,9,13,22,0,0,0,0,0,0,2025,1
"Jordan Howden","NO","SAF",12,0,0,0,0,0,0,0,0,0,0,0,0,18,11,29,1,0,0,0,0,0,2025,0
"Jordan Love","GB","QB",15,291,439,3381,23,6,47,199,0,0,0,0,0,1,0,1,0,0,0,0,0,0,2025,0
"Jordan Magee","WAS","LB",14,0,0,0,0,0,0,0,0,0,0,0,0,31,23,54,3,0,0,0,1,0,2025,0
"Jordan Mason","MIN","RB",16,0,0,0,0,0,159,758,6,14,16,51,0,0,1,1,0,0,0,0,0,0,2025,0
"Jordan Phillips","MIA","DT",14,0,0,0,0,0,0,0,0,0,0,0,0,7,26,33,1,1,0,0,0,0,2025,1
"Jordan Poyer","BUF","FS",10,0,0,0,0,0,0,0,0,0,0,0,0,31,39,70,1,1,0.5,1,3,0,2025,0
"Jordan Whittington","LA","WR",15,0,0,0,0,0,3,12,0,18,25,171,0,2,1,3,0,0,0,0,0,0,2025,0
"Jordyn Brooks","MIA","LB",17,0,0,0,0,0,0,0,0,0,0,0,0,96,84,180,13,4,3.5,0,3,1,2025,0
"Josaiah Stewart","LA","LB",15,0,0,0,0,0,0,0,0,0,0,0,0,12,9,21,3,6,3,0,2,1,2025,1
"Joseph Ossai","CIN","DE",14,0,0,0,0,0,0,0,0,0,0,0,0,19,22,41,9,12,5,0,0,2,2025,0
"Josh Allen","BUF","QB",16,319,460,3668,25,10,112,579,14,0,0,0,0,0,0,0,0,0,0,0,0,0,2025,0
"Josh Downs","IND","WR",16,0,0,0,0,0,2,-2,0,58,88,566,4,2,0,2,0,0,0,0,0,0,2025,0
"Josh Hines-Allen","JAX","DE",17,0,0,0,0,0,0,0,0,0,0,0,0,26,21,47,12,28,8,0,3,0,2025,0
"Josh Jacobs","GB","RB",15,0,0,0,0,0,234,929,13,36,44,282,1,0,0,0,0,0,0,0,0,0,2025,0
"Josh Jobe","SEA","CB",15,0,0,0,0,0,0,0,0,0,0,0,0,39,13,52,0,2,0.5,1,12,0,2025,0
"Josh Metellus","MIN","SAF",14,0,0,0,0,0,0,0,0,0,0,0,0,40,44,84,1,2,0.5,2,6,0,2025,0
"Josh Newton","CIN","CB",11,0,0,0,0,0,0,0,0,0,0,0,0,12,3,15,0,0,0,0,3,0,2025,0
"Josh Palmer","BUF","WR",12,0,0,0,0,0,0,0,0,22,37,303,0,1,0,1,0,0,0,0,0,0,2025,0
"Josh Sweat","ARI","OLB",16,0,0,0,0,0,0,0,0,0,0,0,0,19,10,29,13,17,12,0,2,4,2025,0
"Josh Wallace","LA","CB",9,0,0,0,0,0,0,0,0,0,0,0,0,18,2,20,0,1,0,1,3,0,2025,0
"Joshua Uche","PHI","LB",11,0,0,0,0,0,0,0,0,0,0,0,0,13,9,22,2,3,1,0,1,0,2025,0
"Jourdan Lewis","JAX","CB",12,0,0,0,0,0,0,0,0,0,0,0,0,20,18,38,5,1,0,2,10,0,2025,0
"Jowon Briggs","NYJ","DE",14,0,0,0,0,0,0,0,0,0,0,0,0,18,19,37,8,10,4,0,0,1,2025,0
"JuJu Smith-Schuster","KC","WR",17,0,0,0,0,0,0,0,0,33,45,345,1,1,0,1,0,0,0,0,0,0,2025,0
"Juan Thornhill","PIT","SAF",8,0,0,0,0,0,0,0,0,0,0,0,0,23,15,38,1,0,0,0,1,0,2025,0
"Juanyeh Thomas","DAL","SAF",6,0,0,0,0,0,0,0,0,0,0,0,0,14,12,26,0,0,0,0,0,0,2025,0
"Julian Hill","MIA","TE",11,0,0,0,0,0,0,0,0,15,20,140,0,1,1,2,0,0,0,0,0,0,2025,0
"Julian Love","SEA","SAF",7,0,0,0,0,0,0,0,0,0,0,0,0,22,11,33,1,1,1,1,6,0,2025,0
"Justice Hill","BAL","RB",10,0,0,0,0,0,18,93,2,21,27,169,1,0,0,0,0,0,0,0,0,0,2025,0
"Justin Eboigbe","LAC","DT",15,0,0,0,0,0,0,0,0,0,0,0,0,27,12,39,7,10,6,0,0,0,2025,0
"Justin Fields","NYJ","QB",9,128,204,1259,7,1,71,383,4,0,1,0,0,0,0,0,0,0,0,0,0,0,2025,0
"Justin Herbert","LAC","QB",16,340,512,3727,26,13,83,498,2,0,0,0,0,1,1,2,0,0,0,0,0,0,2025,0
"Justin Jefferson","MIN","WR",17,0,0,0,0,0,2,7,0,84,141,1048,2,1,1,2,0,0,0,0,0,0,2025,0
"Justin Reid","NO","S",15,0,0,0,0,0,0,0,0,0,0,0,0,37,35,72,2,1,0.5,1,6,0,2025,0
"Justin Strnad","DEN","LB",13,0,0,0,0,0,0,0,0,0,0,0,0,21,35,56,5,8,4.5,1,3,0,2025,0
"Juwan Johnson","NO","TE",17,0,0,0,0,0,0,0,0,77,102,889,3,0,0,0,0,0,0,0,0,0,2025,0
"K'Lavon Chaisson","NE","LB",15,0,0,0,0,0,0,0,0,0,0,0,0,18,13,31,10,18,7.5,0,2,2,2025,0
"K.J. Britt","MIA","LB",12,0,0,0,0,0,0,0,0,0,0,0,0,11,23,34,0,1,0,0,0,0,2025,0
"KaVontae Turpin","DAL","WR",15,0,0,0,0,0,17,89,0,26,38,396,2,1,0,1,0,0,0,0,0,0,2025,0
"Kaden Elliss","ATL","LB",17,0,0,0,0,0,0,0,0,0,0,0,0,57,48,105,10,10,3.5,1,6,1,2025,0
"Kaiir Elam","DAL","CB",9,0,0,0,0,0,0,0,0,0,0,0,0,18,10,28,0,0,0,0,1,0,2025,0
"Kalia Davis","SF","DT",15,0,0,0,0,0,0,0,0,0,0,0,0,10,18,28,4,2,0.5,0,3,0,2025,0
"Kalif Raymond","DET","WR",15,0,0,0,0,0,2,19,0,24,30,289,1,0,0,0,0,0,0,0,0,0,2025,0
"Kam Curl","LA","SAF",17,0,0,0,0,0,0,0,0,0,0,0,0,75,43,118,2,2,2,2,5,1,2025,0
"Kamari Lassiter","HOU","CB",16,0,0,0,0,0,0,0,0,0,0,0,0,57,29,86,7,1,0,4,17,0,2025,0
"Kamren Kinchens","LA","SAF",17,0,0,0,0,0,0,0,0,0,0,0,0,54,28,82,0,2,0,2,6,0,2025,0
"Kareem Hunt","KC","RB",17,0,0,0,0,0,163,611,8,18,25,143,1,1,0,1,0,0,0,0,0,0,2025,0
"Karl Brooks","GB","DT",12,0,0,0,0,0,0,0,0,0,0,0,0,7,20,27,1,5,0.5,0,1,0,2025,0
"Kayshon Boutte","NE","WR",14,0,0,0,0,0,0,0,0,33,46,551,6,1,0,1,0,0,0,0,0,0,2025,0
"Kayvon Thibodeaux","NYG","LB",10,0,0,0,0,0,0,0,0,0,0,0,0,12,12,24,5,9,2.5,0,2,0,2025,0
"Keaton Mitchell","BAL","RB",13,0,0,0,0,0,59,341,1,9,12,63,0,0,0,0,0,0,0,0,0,0,2025,0
"Keeanu Benton","PIT","DT",17,0,0,0,0,0,0,0,0,0,0,0,0,25,26,51,6,12,5.5,0,1,1,2025,0
"Keenan Allen","LAC","WR",17,0,0,0,0,0,0,0,0,81,122,777,4,3,0,3,0,0,0,0,0,0,2025,0
"Kei'Trel Clark","ARI","CB",12,0,0,0,0,0,0,0,0,0,0,0,0,17,8,25,1,0,0,0,2,1,2025,0
"Keisean Nixon","GB","CB",17,0,0,0,0,0,0,0,0,0,0,0,0,55,14,69,3,1,0,1,17,0,2025,0
"Kelee Ringo","PHI","CB",14,0,0,0,0,0,0,0,0,0,0,0,0,28,8,36,1,0,0,0,2,1,2025,0
"Kendell Brooks","TEN","SAF",6,0,0,0,0,0,0,0,0,0,0,0,0,11,11,22,0,0,0,0,0,0,2025,0
"Kendre Miller","NO","RB",7,0,0,0,0,0,47,193,1,5,5,30,0,0,0,0,0,0,0,0,0,0,2025,0
"Kendrick Bourne","SF","WR",14,0,0,0,0,0,0,0,0,37,53,551,0,0,0,0,0,0,0,0,0,0,2025,0
"Kenneth Gainwell","PIT","RB",17,0,0,0,0,0,114,537,5,73,85,486,3,3,1,4,0,0,0,0,0,1,2025,0
"Kenneth Grant","MIA","DT",17,0,0,0,0,0,0,0,0,0,0,0,0,15,18,33,2,5,2,0,1,0,2025,1
"Kenneth Murray, Jr.","DAL","LB",17,0,0,0,0,0,0,0,0,0,0,0,0,38,43,81,4,3,1,0,2,0,2025,0
"Kenneth Walker III","SEA","RB",17,0,0,0,0,0,221,1027,5,31,36,282,0,1,1,2,0,0,0,0,0,0,2025,0
"Kenny Clark","DAL","NT",16,0,0,0,0,0,0,0,0,0,0,0,0,17,19,36,6,9,3,0,0,0,2025,0
"Kenny Moore II","IND","CB",14,0,0,0,0,0,0,0,0,0,0,0,0,34,21,55,3,3,1.5,1,6,2,2025,0
"Kentavius Street","ATL","DE",7,0,0,0,0,0,0,0,0,0,0,0,0,11,10,21,3,2,2,0,0,0,2025,0
"Keon Coleman","BUF","WR",12,0,0,0,0,0,0,0,0,38,59,404,4,1,0,1,0,0,0,0,0,0,2025,0
"Kerby Joseph","DET","SAF",6,0,0,0,0,0,0,0,0,0,0,0,0,14,4,18,0,0,0,3,4,0,2025,0
"Kevin Byard","CHI","FS",17,0,0,0,0,0,0,0,0,0,0,0,0,58,32,90,4,0,0,7,8,0,2025,0
"Kevin Winston Jr.","TEN","SAF",8,0,0,0,0,0,0,0,0,0,0,0,0,19,13,32,4,4,1,0,2,0,2025,1
"Keyon Martin","BAL","CB",8,0,0,0,0,0,0,0,0,0,0,0,0,20,2,22,1,1,1,0,1,0,2025,1
"Khalil Mack","LAC","OLB",12,0,0,0,0,0,0,0,0,0,0,0,0,19,13,32,6,11,5.5,0,0,4,2025,0
"Khalil Shakir","BUF","WR",16,0,0,0,0,0,1,5,0,72,95,719,4,2,0,2,0,0,0,0,0,0,2025,0
"Khyiris Tonga","NE","DT",11,0,0,0,0,0,0,0,0,0,0,0,0,8,15,23,2,2,0,0,2,0,2025,0
"Kimani Vidal","LAC","RB",13,0,0,0,0,0,155,643,3,16,22,136,1,2,1,3,0,0,0,0,0,0,2025,0
"Kingsley Enagbare","GB","DE",16,0,0,0,0,0,0,0,0,0,0,0,0,16,23,39,6,9,2,0,0,0,2025,0
"Kirk Cousins","ATL","QB",10,166,269,1721,10,5,14,7,1,0,0,0,0,0,0,0,0,0,0,0,0,0,2025,0
"Kitan Crawford","ARI","SAF",11,0,0,0,0,0,0,0,0,0,0,0,0,11,9,20,0,0,0,0,1,0,2025,1
"Kobie Turner","LA","DE",17,0,0,0,0,0,0,0,0,0,0,0,0,23,24,47,9,14,7,1,3,0,2025,0
"Konata Mumpfield","LA","WR",10,0,0,0,0,0,0,0,0,10,23,92,1,1,0,1,0,0,0,0,0,0,2025,1
"Kool-Aid McKinstry","NO","CB",17,0,0,0,0,0,0,0,0,0,0,0,0,58,17,75,3,0,0,3,17,0,2025,0
"Kris Abrams-Draine","DEN","CB",11,0,0,0,0,0,0,0,0,0,0,0,0,21,9,30,1,0,0,0,1,0,2025,0
"Kris Jenkins","CIN","DT",12,0,0,0,0,0,0,0,0,0,0,0,0,18,18,36,2,3,1.5,0,1,0,2025,0
"Kristian Fulton","KC","CB",6,0,0,0,0,0,0,0,0,0,0,0,0,11,4,15,0,0,0,0,6,0,2025,0
"Kwity Paye","IND","DE",16,0,0,0,0,0,0,0,0,0,0,0,0,14,24,38,6,9,4,0,1,0,2025,0
"Kyle Dugger","PIT","SAF",9,0,0,0,0,0,0,0,0,0,0,0,0,22,20,42,2,1,1,2,5,0,2025,0
"Kyle Hamilton","BAL","SAF",16,0,0,0,0,0,0,0,0,0,0,0,0,59,46,105,7,4,1,0,9,2,2025,0
"Kyle Monangai","CHI","RB",17,0,0,0,0,0,169,783,5,18,30,164,0,0,0,0,0,0,0,0,0,0,2025,1
"Kyle Pitts","ATL","TE",17,0,0,0,0,0,0,0,0,88,118,928,5,2,0,2,0,0,0,0,0,0,2025,0
"Kyle Van Noy","BAL","MLB",14,0,0,0,0,0,0,0,0,0,0,0,0,12,8,20,4,9,2,1,4,0,2025,0
"Kyle Williams","NE","WR",14,0,0,0,0,0,2,3,0,10,21,209,3,0,0,0,0,0,0,0,0,0,2025,1
"Kyren Williams","LA","RB",17,0,0,0,0,0,259,1252,10,36,50,281,3,0,0,0,0,0,0,0,0,0,2025,0
"Kyu Blu Kelly","LV","CB",12,0,0,0,0,0,0,0,0,0,0,0,0,31,9,40,1,0,0,3,6,0,2025,0
"L'Jarius Sneed","TEN","CB",7,0,0,0,0,0,0,0,0,0,0,0,0,17,8,25,0,0,0,0,3,0,2025,0
"LaCale London","ATL","DT",10,0,0,0,0,0,0,0,0,0,0,0,0,17,13,30,7,4,5,0,1,1,2025,0
"Ladd McConkey","LAC","WR",16,0,0,0,0,0,0,0,0,66,106,789,6,1,0,1,0,0,0,0,0,0,2025,0
"Laiatu Latu","IND","DE",16,0,0,0,0,0,0,0,0,0,0,0,0,25,18,43,12,20,8.5,3,5,1,2025,0
"Lamar Jackson","BAL","QB",13,192,302,2549,21,7,67,349,2,0,0,0,0,2,0,2,0,0,0,0,0,0,2025,0
"Larrell Murchison","LA","DE",7,0,0,0,0,0,0,0,0,0,0,0,0,2,6,8,2,3,2,0,0,0,2025,0
"Lathan Ransom","CAR","SAF",15,0,0,0,0,0,0,0,0,0,0,0,0,21,30,51,2,1,1,1,2,1,2025,1
"Lavonte David","TB","OLB",17,0,0,0,0,0,0,0,0,0,0,0,0,59,53,112,8,6,3.5,1,3,2,2025,0
"Leo Chenal","KC","LB",14,0,0,0,0,0,0,0,0,0,0,0,0,25,33,58,2,5,2,1,2,0,2025,0
"Leonard Floyd","ATL","DE",12,0,0,0,0,0,0,0,0,0,0,0,0,5,13,18,5,11,3.5,0,1,0,2025,0
"Leonard Williams","SEA","DE",16,0,0,0,0,0,0,0,0,0,0,0,0,32,29,61,9,22,7,0,1,0,2025,0
"Levi Drake Rodriguez","MIN","DL",15,0,0,0,0,0,0,0,0,0,0,0,0,18,24,42,8,5,2,0,0,0,2025,0
"Logan Hall","TB","DE",17,0,0,0,0,0,0,0,0,0,0,0,0,17,21,38,2,6,1.5,0,1,1,2025,0
"Logan Wilson","CIN","LB",8,0,0,0,0,0,0,0,0,0,0,0,0,18,27,45,0,0,0,0,4,0,2025,0
"Logan Wilson","DAL","LB",7,0,0,0,0,0,0,0,0,0,0,0,0,15,9,24,0,0,0,0,1,1,2025,0
"Lonnie Johnson","LV","SAF",8,0,0,0,0,0,0,0,0,0,0,0,0,14,11,25,0,0,0,0,2,0,2025,0
"Luke Gifford","SF","LB",14,0,0,0,0,0,0,0,0,0,0,0,0,12,23,35,0,0,0,0,1,0,2025,0
"Luke Musgrave","GB","TE",13,0,0,0,0,0,0,0,0,24,31,252,0,0,0,0,0,0,0,0,0,0,2025,0
"Luke Schoonmaker","DAL","TE",14,0,0,0,0,0,0,0,0,14,23,132,0,2,1,3,0,0,0,0,0,0,2025,0
"Luther Burden III","CHI","WR",15,0,0,0,0,0,6,37,0,47,60,652,2,0,0,0,0,0,0,0,0,0,2025,1
"M.J. Stewart","HOU","SAF",7,0,0,0,0,0,0,0,0,0,0,0,0,15,10,25,0,0,0,0,2,1,2025,0
"Mac Jones","SF","QB",11,201,289,2151,13,6,36,60,0,0,0,0,0,1,0,1,0,0,0,0,0,0,2025,0
"Mack Hollins","NE","WR",14,0,0,0,0,0,1,4,0,46,65,550,2,1,0,1,0,0,0,0,0,0,2025,0
"Mack Wilson","ARI","LB",8,0,0,0,0,0,0,0,0,0,0,0,0,31,26,57,3,1,0,1,6,1,2025,0
"Malachi Moore","NYJ","SAF",17,0,0,0,0,0,0,0,0,1,1,3,0,56,45,101,3,0,0,0,3,1,2025,1
"Malaki Starks","BAL","SAF",17,0,0,0,0,0,0,0,0,0,0,0,0,48,35,83,1,1,0,2,4,0,2025,1
"Malcolm Koonce","LV","DE",15,0,0,0,0,0,0,0,0,0,0,0,0,13,16,29,6,13,4.5,0,0,1,2025,0
"Malcolm Roach","DEN","DT",12,0,0,0,0,0,0,0,0,0,0,0,0,14,26,40,3,5,4,0,0,0,2025,0
"Maliek Collins","CLE","DT",11,0,0,0,0,0,0,0,0,0,0,0,0,14,10,24,7,13,6.5,0,0,0,2025,0
"Malik Davis","DAL","RB",10,0,0,0,0,0,52,250,2,2,5,16,0,2,5,7,0,0,0,0,0,0,2025,0
"Malik Harrison","PIT","LB",10,0,0,0,0,0,0,0,0,0,0,0,0,24,16,40,2,0,0,0,0,0,2025,0
"Malik Hooker","DAL","FS",12,0,0,0,0,0,0,0,0,0,0,0,0,25,24,49,2,0,0,0,1,0,2025,0
"Malik Mustapha","SF","SAF",12,0,0,0,0,0,0,0,0,0,0,0,0,42,32,74,3,1,0,1,3,0,2025,0
"Malik Washington","MIA","WR",17,0,0,0,0,0,17,110,1,46,65,317,3,2,0,2,0,0,0,0,0,0,2025,0
"Marcus Epps","PHI","SAF",9,0,0,0,0,0,0,0,0,0,0,0,0,18,3,21,1,0,0,0,0,0,2025,0
"Marcus Harris","TEN","CB",11,0,0,0,0,0,0,0,0,0,0,0,0,17,10,27,1,0,0,0,5,1,2025,1
"Marcus Jones","NE","CB",17,0,0,0,0,0,0,0,0,0,0,0,0,44,18,62,8,2,2,3,11,0,2025,0
"Marcus Mariota","WAS","QB",10,139,227,1695,10,7,50,297,1,0,0,0,0,0,0,0,0,0,0,0,0,0,2025,0
"Marist Liufau","DAL","LB",13,0,0,0,0,0,0,0,0,0,0,0,0,17,13,30,1,3,1,0,0,1,2025,0
"Mark Andrews","BAL","TE",17,0,0,0,0,0,10,48,1,48,70,422,5,2,0,2,0,0,0,0,0,0,2025,0
"Markquese Bell","DAL","SAF",15,0,0,0,0,0,0,0,0,0,0,0,0,19,21,40,1,1,0,1,3,1,2025,0
"Marlon Humphrey","BAL","CB",15,0,0,0,0,0,0,0,0,0,0,0,0,52,15,67,3,3,1,4,13,2,2025,0
"Marlowe Wax","LAC","LB",12,0,0,0,0,0,0,0,0,0,0,0,0,11,10,21,1,0,0,0,0,0,2025,1
"Marques Sigle","SF","SAF",13,0,0,0,0,0,0,0,0,0,0,0,0,28,24,52,1,0,0,0,2,0,2025,1
"Marquise Brown","KC","WR",16,0,0,0,0,0,0,0,0,49,74,587,5,2,0,2,0,0,0,0,0,0,2025,0
"Marshon Lattimore","WAS","CB",9,0,0,0,0,0,0,0,0,0,0,0,0,15,11,26,1,0,0,1,7,0,2025,0
"Marte Mapu","NE","LB",15,0,0,0,0,0,0,0,0,0,0,0,0,18,7,25,0,0,0,1,5,1,2025,0
"Marvin Harrison Jr.","ARI","WR",12,0,0,0,0,0,0,0,0,41,73,608,4,0,0,0,0,0,0,0,0,0,2025,0
"Marvin Mims Jr.","DEN","WR",15,0,0,0,0,0,12,78,1,37,51,322,1,0,0,0,0,0,0,0,0,0,2025,0
"Mason Graham","CLE","DT",17,0,0,0,0,0,0,0,0,0,0,0,0,26,21,47,7,4,0.5,0,4,0,2025,1
"Mason Taylor","NYJ","TE",13,0,0,0,0,0,0,0,0,44,65,369,1,0,0,0,0,0,0,0,0,0,2025,1
"Matt Milano","BUF","OLB",12,0,0,0,0,0,0,0,0,0,0,0,0,34,31,65,7,6,3.5,0,0,1,2025,0
"Matthew Golden","GB","WR",14,0,0,0,0,0,10,49,0,29,44,361,0,1,0,1,0,0,0,0,0,0,2025,1
"Matthew Stafford","LA","QB",17,388,597,4707,46,8,29,1,0,0,0,0,0,1,0,1,0,0,0,0,0,0,2025,0
"Max Brosmer","MIN","QB",7,47,71,328,0,4,7,11,0,0,0,0,0,1,0,1,0,0,0,0,0,0,2025,1
"Max Melton","ARI","CB",9,0,0,0,0,0,0,0,0,0,0,0,0,20,10,30,1,0,0,0,5,0,2025,0
"Maxwell Hairston","BUF","CB",8,0,0,0,0,0,0,0,0,0,0,0,0,14,4,18,0,0,0,2,5,0,2025,1
"Maxx Crosby","LV","DE",15,0,0,0,0,0,0,0,0,0,0,0,0,42,28,70,28,20,10,1,6,2,2025,0
"Mekhi Blackmon","IND","CB",17,0,0,0,0,0,0,0,0,0,0,0,0,50,14,64,2,0,1,2,7,0,2025,0
"Micah Parsons","GB","DE",14,0,0,0,0,0,0,0,0,0,0,0,0,17,22,39,12,26,12.5,0,1,2,2025,0
"Michael Carter","ARI","RB",13,0,0,0,0,0,92,333,1,33,45,267,0,1,0,1,0,0,0,0,0,0,2025,0
"Michael Danna","KC","DE",12,0,0,0,0,0,0,0,0,0,0,0,0,7,17,24,3,4,1,1,1,0,2025,0
"Michael Mayer","LV","TE",13,0,0,0,0,0,0,0,0,35,50,328,1,8,1,9,0,0,0,0,0,0,2025,0
"Michael Penix Jr.","ATL","QB",9,166,276,1982,9,3,21,70,1,0,0,0,0,0,0,0,0,0,0,0,0,0,2025,0
"Michael Pittman","IND","WR",17,0,0,0,0,0,0,0,0,80,111,784,7,1,0,1,0,0,0,0,0,0,2025,0
"Michael Wilson","ARI","WR",17,0,0,0,0,0,0,0,0,78,126,1006,7,2,0,2,0,0,0,0,0,0,2025,0
"Micheal Clemons","NYJ","DE",13,0,0,0,0,0,0,0,0,0,0,0,0,8,13,21,3,5,1,0,2,0,2025,0
"Mike Evans","TB","WR",8,0,0,0,0,0,0,0,0,30,62,368,3,2,0,2,0,0,0,0,0,0,2025,0
"Mike Gesicki","CIN","TE",12,0,0,0,0,0,0,0,0,28,42,307,2,1,0,1,0,0,0,0,0,0,2025,0
"Mike Green","BAL","LB",17,0,0,0,0,0,0,0,0,0,0,0,0,15,24,39,7,14,3.5,0,0,0,2025,1
"Mike Hughes","ATL","CB",11,0,0,0,0,0,0,0,0,0,0,0,0,38,11,49,2,0,0,1,7,0,2025,0
"Mike Jackson","CAR","CB",17,0,0,0,0,0,0,0,0,0,0,0,0,52,14,66,4,0,0,4,19,1,2025,0
"Mike Sainristil","WAS","CB",17,0,0,0,0,0,0,0,0,0,0,0,0,50,34,84,1,0,0,4,12,1,2025,0
"Milton Williams","NE","DE",11,0,0,0,0,0,0,0,0,0,0,0,0,12,14,26,8,8,3.5,0,1,0,2025,0
"Minkah Fitzpatrick","MIA","FS",14,0,0,0,0,0,0,0,0,0,0,0,0,57,23,80,4,2,1,1,6,1,2025,0
"Mitchell Evans","CAR","TE",14,0,0,0,0,0,1,1,0,19,25,171,2,0,0,0,0,0,0,0,0,0,2025,1
"Mitchell Tinsley","CIN","WR",8,0,0,0,0,0,0,0,0,8,24,116,2,0,0,0,0,0,0,0,0,0,2025,0
"Mo Alie-Cox","IND","TE",11,0,0,0,0,0,0,0,0,13,20,117,1,2,0,2,0,0,0,0,0,0,2025,0
"Mohamoud Diabate","CLE","LB",15,0,0,0,0,0,0,0,0,0,0,0,0,22,27,49,3,0,0,0,0,1,2025,0
"Montaric Brown","JAX","CB",14,0,0,0,0,0,0,0,0,0,0,0,0,43,8,51,0,0,0,2,12,0,2025,0
"Montez Sweat","CHI","DE",17,0,0,0,0,0,0,0,0,0,0,0,0,31,17,48,13,18,10,0,5,3,2025,0
"Moro Ojomo","PHI","DT",17,0,0,0,0,0,0,0,0,0,0,0,0,17,21,38,6,12,6,0,1,0,2025,0
"Mykal Walker","NYJ","LB",12,0,0,0,0,0,0,0,0,0,0,0,0,9,22,31,1,0,0,0,1,0,2025,0
"Myles Bryant","HOU","CB",8,0,0,0,0,0,0,0,0,0,0,0,0,22,18,40,1,0,0,0,0,0,2025,0
"Myles Garrett","CLE","DE",17,0,0,0,0,0,0,0,0,0,0,0,0,40,17,57,33,39,23,0,1,3,2025,0
"Myles Harden","CLE","CB",16,0,0,0,0,0,0,0,0,0,0,0,0,25,20,45,2,1,0,0,4,0,2025,0
"Myles Murphy","CIN","DE",15,0,0,0,0,0,0,0,0,0,0,0,0,27,24,51,6,10,5.5,0,3,0,2025,0
"Nahshon Wright","CHI","CB",17,0,0,0,0,0,0,0,0,0,0,0,0,50,26,76,3,1,0,5,11,2,2025,0
"Nakobe Dean","PHI","LB",9,0,0,0,0,0,0,0,0,0,0,0,0,30,25,55,7,6,4,0,1,2,2025,0
"Nate Hobbs","GB","CB",8,0,0,0,0,0,0,0,0,0,0,0,0,14,13,27,2,0,0,0,2,0,2025,0
"Nate Landman","LA","LB",17,0,0,0,0,0,0,0,0,0,0,0,0,62,68,130,8,5,2.5,1,6,4,2025,0
"Nate Wiggins","BAL","CB",17,0,0,0,0,0,0,0,0,0,0,0,0,57,19,76,2,0,0,3,14,0,2025,0
"Nathan Shepherd","NO","DT",16,0,0,0,0,0,0,0,0,0,0,0,0,22,24,46,4,13,3,0,0,1,2025,0
"Neville Gallimore","IND","DT",15,0,0,0,0,0,0,0,0,0,0,0,0,18,20,38,4,6,3.5,0,3,0,2025,0
"Nic Scourton","CAR","LB",15,0,0,0,0,0,0,0,0,0,0,0,0,19,27,46,7,9,5,0,1,1,2025,1
"Nick Bolton","KC","LB",17,0,0,0,0,0,0,0,0,0,0,0,0,69,81,150,10,7,1,1,6,1,2025,0
"Nick Chubb","HOU","RB",15,0,0,0,0,0,122,506,3,13,20,67,0,1,0,1,0,0,0,0,0,0,2025,0
"Nick Cross","IND","SAF",17,0,0,0,0,0,0,0,0,0,0,0,0,70,48,118,5,6,2.5,1,5,1,2025,0
"Nick Emmanwori","SEA","SAF",14,0,0,0,0,0,0,0,0,0,0,0,0,55,25,80,8,4,2.5,1,11,0,2025,1
"Nick Herbig","PIT","LB",15,0,0,0,0,0,0,0,0,0,0,0,0,18,9,27,13,18,7.5,1,3,3,2025,0
"Nick McCloud","CHI","CB",10,0,0,0,0,0,0,0,0,0,0,0,0,18,9,27,0,0,0,0,2,0,2025,0
"Nick Scott","CAR","SAF",17,0,0,0,0,0,0,0,0,0,0,0,0,63,47,110,0,0,0,1,3,0,2025,0
"Nick Westbrook-Ikhine","MIA","WR",13,0,0,0,0,0,0,0,0,11,20,89,0,5,2,7,0,0,0,0,0,0,2025,0
"Nico Collins","HOU","WR",15,0,0,0,0,0,2,15,1,71,120,1117,6,0,0,0,0,0,0,0,0,0,2025,0
"Nik Bonitto","DEN","LB",17,0,0,0,0,0,0,0,0,0,0,0,0,30,15,45,14,28,14,0,1,2,2025,0
"Noah Fant","CIN","TE",13,0,0,0,0,0,0,0,0,34,41,288,3,0,0,0,0,0,0,0,0,0,2025,0
"Noah Gray","KC","TE",14,0,0,0,0,0,0,0,0,21,37,178,0,0,0,0,0,0,0,0,0,0,2025,0
"Noah Igbinoghene","WAS","CB",10,0,0,0,0,0,0,0,0,0,0,0,0,22,13,35,1,2,1,0,5,0,2025,0
"Noah Sewell","CHI","LB",13,0,0,0,0,0,0,0,0,0,0,0,0,32,26,58,3,0,0,0,0,1,2025,0
"Nohl Williams","KC","CB",16,0,0,0,0,0,0,0,0,0,0,0,0,29,18,47,4,1,1,0,7,0,2025,1
"Nolan Smith","PHI","LB",12,0,0,0,0,0,0,0,0,0,0,0,0,15,16,31,1,11,3,0,0,1,2025,0
"Odafe Oweh","LAC","LB",12,0,0,0,0,0,0,0,0,0,0,0,0,15,13,28,8,13,7.5,0,0,0,2025,0
"Olamide Zaccheaus","CHI","WR",14,0,0,0,0,0,4,25,0,39,65,313,2,0,0,0,0,0,0,0,0,0,2025,0
"Ollie Gordon II","MIA","RB",17,0,0,0,0,0,70,199,3,7,9,32,1,2,0,2,0,0,0,0,0,0,2025,1
"Omar Speights","LA","LB",16,0,0,0,0,0,0,0,0,0,0,0,0,43,40,83,0,0,0,0,1,0,2025,0
"Omarion Hampton","LAC","RB",9,0,0,0,0,0,124,545,4,32,35,192,1,1,0,1,0,0,0,0,0,0,2025,1
"Oren Burks","CIN","ILB",17,0,0,0,0,0,0,0,0,0,0,0,0,17,31,48,1,0,0,0,1,1,2025,0
"Oronde Gadsden II","LAC","TE",15,0,0,0,0,0,0,0,0,49,69,664,3,0,1,1,0,0,0,0,0,0,2025,1
"Osa Odighizuwa","DAL","DT",17,0,0,0,0,0,0,0,0,0,0,0,0,15,28,43,6,23,3.5,0,0,0,2025,0
"Owen Pappoe","ARI","LB",13,0,0,0,0,0,0,0,0,0,0,0,0,12,15,27,0,0,0,0,2,0,2025,0
"P.J. Locke","DEN","SAF",8,0,0,0,0,0,0,0,0,0,0,0,0,9,7,16,1,0,0,0,3,0,2025,0
"PJ Mustipher","ARI","DT",13,0,0,0,0,0,0,0,0,0,0,0,0,11,21,32,1,0,0,0,1,0,2025,0
"Parker Washington","JAX","WR",16,0,0,0,0,0,7,0,0,58,95,847,5,2,0,2,0,0,0,0,0,0,2025,0
"Pat Bryant","DEN","WR",13,0,0,0,0,0,0,0,0,31,49,378,1,3,1,4,0,0,0,0,0,0,2025,1
"Pat Freiermuth","PIT","TE",15,0,0,0,0,0,0,0,0,41,54,486,4,0,0,0,0,0,0,0,0,0,2025,0
"Pat Surtain II","DEN","CB",14,0,0,0,0,0,0,0,0,0,0,0,0,37,10,47,1,0,0,1,12,0,2025,0
"Patrick Mahomes","KC","QB",14,315,502,3587,22,11,64,422,5,1,1,-10,0,1,0,1,0,0,0,0,0,0,2025,0
"Patrick Queen","PIT","LB",17,0,0,0,0,0,0,0,0,0,0,0,0,55,64,119,8,5,1,0,4,1,2025,0
"Paulson Adebo","NYG","CB",12,0,0,0,0,0,0,0,0,0,0,0,0,55,17,72,1,0,0,1,8,0,2025,0
"Payton Wilson","PIT","LB",17,0,0,0,0,0,0,0,0,0,0,0,0,74,51,125,6,4,2,1,2,0,2025,0
"Pete Werner","NO","LB",17,0,0,0,0,0,0,0,0,0,0,0,0,49,31,80,4,3,2,0,5,0,2025,0
"Poona Ford","LA","DT",16,0,0,0,0,0,0,0,0,0,0,0,0,17,28,45,4,5,2,0,1,0,2025,0
"Preston Smith","WAS","DE",12,0,0,0,0,0,0,0,0,0,0,0,0,8,16,24,2,6,0.5,0,1,0,2025,0
"Princely Umanmielen","CAR","LB",14,0,0,0,0,0,0,0,0,0,0,0,0,13,11,24,2,4,1.5,0,0,1,2025,1
"Puka Nacua","LA","WR",16,0,0,0,0,0,10,105,1,129,166,1715,10,0,0,0,0,0,0,0,0,0,2025,0
"Quan Martin","WAS","SAF",17,0,0,0,0,0,0,0,0,0,0,0,0,52,47,99,1,2,0,0,3,1,2025,0
"Quandre Diggs","TEN","S",8,0,0,0,0,0,0,0,0,0,0,0,0,16,13,29,0,0,0,0,1,0,2025,0
"Quay Walker","GB","LB",14,0,0,0,0,0,0,0,0,0,0,0,0,54,70,124,8,7,2.5,0,5,0,2025,0
"Quentin Johnston","LAC","WR",13,0,0,0,0,0,2,7,0,51,84,735,8,1,0,1,0,0,0,0,0,0,2025,0
"Quentin Lake","LA","SAF",10,0,0,0,0,0,0,0,0,0,0,0,0,35,24,59,2,2,1,1,10,1,2025,0
"Quincy Riley","NO","CB",16,0,0,0,0,0,0,0,0,0,0,0,0,29,6,35,0,0,0,1,10,1,2025,1
"Quincy Williams","NYJ","LB",13,0,0,0,0,0,0,0,0,0,0,0,0,43,38,81,8,5,3.5,0,7,0,2025,0
"Quinnen Williams","DAL","DT",7,0,0,0,0,0,0,0,0,0,0,0,0,9,12,21,3,9,1.5,1,1,0,2025,0
"Quinnen Williams","NYJ","DT",8,0,0,0,0,0,0,0,0,0,0,0,0,16,15,31,7,3,1,0,0,3,2025,0
"Quinshon Judkins","CLE","RB",14,0,0,0,0,0,230,827,7,26,36,171,0,0,0,0,0,0,0,0,0,0,2025,1
"Quinyon Mitchell","PHI","CB",16,0,0,0,0,0,0,0,0,0,0,0,0,35,10,45,0,0,0,0,17,0,2025,0
"Qwan'tez Stiggers","NYJ","CB",11,0,0,0,0,0,0,0,0,0,0,0,0,17,10,27,1,0,0,0,3,0,2025,0
"R.J. Mickens","LAC","SAF",10,0,0,0,0,0,0,0,0,0,0,0,0,18,11,29,0,0,0,2,2,0,2025,1
"RJ Harvey","DEN","RB",17,0,1,0,0,0,146,540,7,47,58,356,5,0,0,0,0,0,0,0,0,0,2025,1
"Rachaad White","TB","RB",17,0,0,0,0,0,132,572,4,40,45,218,0,0,0,0,0,0,0,0,0,0,2025,0
"Rakeem Nunez-Roches","NYG","DT",9,0,0,0,0,0,0,0,0,0,0,0,0,6,17,23,3,4,3,0,1,0,2025,0
"Rashan Gary","GB","DE",16,0,0,0,0,0,0,0,0,0,0,0,0,25,20,45,7,20,7.5,0,1,1,2025,0
"Rashee Rice","KC","WR",8,0,0,0,0,0,5,20,1,53,78,571,5,0,0,0,0,0,0,0,0,0,2025,0
"Rashid Shaheed","NO","WR",9,0,0,0,0,0,2,5,0,44,66,499,2,1,0,1,0,0,0,0,0,0,2025,0
"Rashid Shaheed","SEA","WR",9,0,0,0,0,0,7,64,0,15,26,188,0,0,0,0,0,0,0,0,0,0,2025,0
"Rashod Bateman","BAL","WR",13,0,0,0,0,0,0,0,0,19,38,224,2,1,0,1,0,0,0,0,0,0,2025,0
"Rasul Douglas","MIA","CB",15,0,0,0,0,0,0,0,0,0,0,0,0,33,25,58,2,2,1,2,13,1,2025,0
"Ray Davis","BUF","RB",17,0,0,0,0,0,58,275,0,10,13,86,2,0,1,1,0,0,0,0,0,0,2025,0
"Rayshawn Jenkins","CLE","SAF",16,0,0,0,0,0,0,0,0,0,0,0,0,19,26,45,0,0,0,1,1,1,2025,0
"Rayuan Lane III","JAX","SAF",14,0,0,0,0,0,0,0,0,0,0,0,0,12,8,20,1,0,0,0,1,0,2025,1
"Reddy Steward","DAL","DB",16,0,0,0,0,0,0,0,0,0,0,0,0,39,23,62,5,2,1.5,0,3,1,2025,0
"Reed Blankenship","PHI","SAF",16,0,0,0,0,0,0,0,0,0,0,0,0,53,30,83,1,0,0,1,4,1,2025,0
"Renardo Green","SF","CB",14,0,0,0,0,0,0,0,0,0,0,0,0,36,24,60,0,0,0,0,10,0,2025,0
"Rhamondre Stevenson","NE","RB",14,0,0,0,0,0,130,603,7,32,37,345,2,0,0,0,0,0,0,0,0,0,2025,0
"Ricky Pearsall","SF","WR",9,0,0,0,0,0,2,-2,0,36,53,528,0,1,0,1,0,0,0,0,0,0,2025,0
"Rico Dowdle","CAR","RB",17,0,0,0,0,0,236,1076,6,39,50,297,1,3,0,3,0,0,0,0,0,0,2025,0
"Riley Moss","DEN","CB",17,0,0,0,0,0,0,0,0,0,0,0,0,57,23,80,3,1,1,1,19,0,2025,0
"Riq Woolen","SEA","CB",15,0,0,0,0,0,0,0,0,0,0,0,0,32,8,40,1,1,0,1,12,0,2025,0
"Robert Spillane","NE","LB",13,0,0,0,0,0,0,0,0,0,0,0,0,47,49,96,4,0,1,2,5,1,2025,0
"Rock Ya-Sin","DET","CB",15,0,0,0,0,0,0,0,0,0,0,0,0,26,20,46,0,2,0,0,9,0,2025,0
"Rodney Thomas","IND","SAF",11,0,0,0,0,0,1,3,0,0,0,0,0,13,7,20,1,1,0,0,0,0,2025,0
"Roger McCreary","TEN","CB",8,0,0,0,0,0,0,0,0,0,0,0,0,21,12,33,1,1,1,1,2,0,2025,0
"Roman Wilson","PIT","WR",9,0,0,0,0,0,0,0,0,12,21,166,2,1,0,1,0,0,0,0,0,0,2025,0
"Rome Odunze","CHI","WR",12,0,0,0,0,0,0,0,0,44,90,661,6,0,0,0,0,0,0,0,0,0,2025,0
"Romeo Doubs","GB","WR",16,0,0,0,0,0,0,0,0,55,85,724,6,0,0,0,0,0,0,0,0,0,2025,0
"Ronnie Harrison","ATL","LB",9,0,0,0,0,0,0,0,0,0,0,0,0,20,9,29,2,3,2,0,2,0,2025,0
"Ronnie Hickman Jr.","CLE","SAF",17,0,0,0,0,0,0,0,0,0,0,0,0,51,52,103,1,0,0,2,7,0,2025,0
"Roquan Smith","BAL","ILB",15,0,0,0,0,0,0,0,0,0,0,0,0,74,54,128,5,4,0,0,3,0,2025,0
"Roy Lopez","DET","DT",14,0,0,0,0,0,0,0,0,0,0,0,0,11,19,30,4,5,2,0,1,0,2025,0
"Roy Robertson-Harris","NYG","DE",15,0,0,0,0,0,0,0,0,0,0,0,0,18,16,34,3,6,0,0,1,0,2025,0
"Ruke Orhorhoro","ATL","DT",16,0,0,0,0,0,0,0,0,0,0,0,0,11,13,24,4,6,3.5,0,1,0,2025,0
"Russell Wilson","NYG","QB",6,69,119,831,3,3,18,106,0,0,0,0,0,0,0,0,0,0,0,0,0,0,2025,0
"Ryan Flournoy","DAL","WR",15,0,0,0,0,0,4,25,0,40,56,475,4,4,2,6,0,0,0,0,0,0,2025,0
"Sam Darnold","SEA","QB",17,323,477,4048,25,14,35,95,0,0,0,0,0,2,0,2,0,0,0,0,0,1,2025,0
"Sam LaPorta","DET","TE",9,0,0,0,0,0,0,0,0,40,49,489,3,1,0,1,0,0,0,0,0,0,2025,0
"Sam Okuayinonu","SF","DT",14,0,0,0,0,0,0,0,0,0,0,0,0,23,16,39,6,7,3,0,0,1,2025,0
"Sam Williams","DAL","DE",16,0,0,0,0,0,0,0,0,0,0,0,0,21,14,35,7,4,1,0,2,1,2025,0
"Samaje Perine","CIN","RB",15,0,0,0,0,0,84,382,3,17,21,87,0,1,6,7,0,0,0,0,0,0,2025,0
"Samson Ebukam","IND","DE",14,0,0,0,0,0,0,0,0,0,0,0,0,21,11,32,5,8,2,0,0,0,2025,0
"Saquon Barkley","PHI","RB",16,0,0,0,0,0,280,1140,7,37,50,273,2,1,0,1,0,0,0,0,0,0,2025,0
"Sauce Gardner","NYJ","CB",7,0,0,0,0,0,0,0,0,0,0,0,0,15,5,20,0,0,0,0,6,0,2025,0
"Sean Tucker","TB","RB",17,0,0,0,0,0,86,320,7,8,11,34,1,0,0,0,0,0,0,0,0,0,2025,0
"Sebastian Joseph-Day","TEN","DE",15,0,0,0,0,0,0,0,0,0,0,0,0,18,19,37,6,6,2,0,0,0,2025,0
"Shaq Thompson","BUF","OLB",12,0,0,0,0,0,0,0,0,0,0,0,0,33,23,56,6,2,1,0,2,1,2025,0
"Shaun Dolac","LA","LB",12,0,0,0,0,0,0,0,0,0,0,0,0,14,9,23,2,0,0,0,0,0,2025,1
"Shavon Revel Jr.","DAL","CB",7,0,0,0,0,0,0,0,0,0,0,0,0,22,12,34,1,0,0,0,3,0,2025,1
"Shedeur Sanders","CLE","QB",8,120,212,1400,7,10,21,169,1,0,0,0,0,0,1,1,0,0,0,0,0,0,2025,1
"Shelby Harris","CLE","DT",17,0,0,0,0,0,0,0,0,0,0,0,0,12,17,29,7,5,1,0,4,0,2025,0
"Sheldon Rankins","HOU","DT",15,0,0,0,0,0,0,0,0,0,0,0,0,14,20,34,5,9,3,0,0,0,2025,0
"Shemar James","DAL","LB",14,0,0,0,0,0,0,0,0,0,0,0,0,40,51,91,2,5,1.5,0,0,1,2025,1
"SirVocea Dennis","TB","LB",16,0,0,0,0,0,0,0,0,0,0,0,0,61,35,96,10,7,3,1,5,0,2025,0
"Solomon Thomas","DAL","DE",13,0,0,0,0,0,0,0,0,0,0,0,0,8,17,25,3,2,0,0,1,0,2025,0
"Spencer Rattler","NO","QB",9,174,257,1586,8,5,31,167,0,1,2,0,0,1,0,1,0,0,0,0,0,0,2025,0
"Stefon Diggs","NE","WR",17,0,0,0,0,0,0,0,0,85,102,1013,4,2,0,2,0,0,0,0,0,0,2025,0
"Sterling Shepard","TB","WR",13,0,0,0,0,0,4,19,0,39,53,371,1,0,0,0,0,0,0,0,0,0,2025,0
"Sydney Brown","PHI","SAF",15,0,0,0,0,0,0,0,0,0,0,0,0,17,17,34,0,0,0,0,0,0,2025,0
"T'Vondre Sweat","TEN","DT",12,0,0,0,0,0,0,0,0,0,0,0,0,14,18,32,4,3,2,0,1,0,2025,0
"T.J. Edwards","CHI","LB",10,0,0,0,0,0,0,0,0,0,0,0,0,33,34,67,2,3,0.5,1,5,0,2025,0
"T.J. Hockenson","MIN","TE",15,0,0,0,0,0,1,0,0,51,66,438,3,1,0,1,0,0,0,0,0,0,2025,0
"T.J. Tampa","BAL","CB",16,0,0,0,0,0,0,0,0,0,0,0,0,21,8,29,0,0,0,1,2,0,2025,0
"T.J. Watt","PIT","OLB",14,0,0,0,0,0,0,0,0,0,0,0,0,21,32,53,10,19,7,2,8,3,2025,0
"Talanoa Hufanga","DEN","SAF",17,0,0,0,0,0,0,0,0,0,0,0,0,67,39,106,6,3,2,0,11,1,2025,0
"Tank Bigsby","PHI","RB",14,0,0,0,0,0,58,344,2,3,4,32,0,1,1,2,0,0,0,0,0,0,2025,0
"Tanner Hudson","CIN","TE",10,0,0,0,0,0,0,0,0,19,24,168,2,0,0,0,0,0,0,0,0,0,2025,0
"Tarheeb Still","LAC","CB",15,0,0,0,0,0,0,0,0,0,0,0,0,36,16,52,5,2,0,0,7,0,2025,0
"Taron Johnson","BUF","CB",13,0,0,0,0,0,0,0,0,0,0,0,0,34,23,57,1,0,0,0,4,0,2025,0
"Tatum Bethune","SF","LB",12,0,0,0,0,0,0,0,0,0,0,0,0,37,55,92,4,1,1,0,4,0,2025,0
"Tavierre Thomas","MIN","SAF",14,0,0,0,0,0,0,0,0,0,0,0,0,11,12,23,0,0,0,0,0,1,2025,0
"Tavius Robinson","BAL","LB",9,0,0,0,0,0,0,0,0,0,0,0,0,15,13,28,3,10,4.5,0,1,1,2025,0
"Taylor Rapp","BUF","SAF",6,0,0,0,0,0,0,0,0,0,0,0,0,17,9,26,0,0,0,0,0,0,2025,0
"Taysom Hill","NO","TE",13,2,6,57,1,0,52,114,1,11,16,91,0,3,0,3,0,0,0,0,0,0,2025,0
"Teair Tart","LAC","DT",17,0,0,0,0,0,0,0,0,0,0,0,0,22,10,32,4,1,0,0,4,1,2025,0
"Tedarrell Slaton","CIN","DT",15,0,0,0,0,0,0,0,0,0,0,0,0,18,33,51,4,7,3,0,0,0,2025,0
"Teddye Buchanan","BAL","LB",14,0,0,0,0,0,0,0,0,0,0,0,0,44,44,88,5,2,0.5,0,1,1,2025,1
"Tee Higgins","CIN","WR",15,0,0,0,0,0,0,0,0,59,98,846,11,0,0,0,0,0,0,0,0,0,2025,0
"Terrance Ferguson","LA","TE",11,0,0,0,0,0,1,0,0,11,25,231,3,0,0,0,0,0,0,0,0,0,2025,1
"Terrel Bernard","BUF","LB",12,0,0,0,0,0,0,0,0,0,0,0,0,39,21,60,7,2,0,1,3,0,2025,0
"Terrell Burgess","NO","SAF",11,0,0,0,0,0,0,0,0,0,0,0,0,10,12,22,0,0,0,0,3,0,2025,0
"Terrion Arnold","DET","CB",8,0,0,0,0,0,0,0,0,0,0,0,0,23,8,31,0,0,0,1,8,0,2025,0
"Terry McLaurin","WAS","WR",10,0,0,0,0,0,0,0,0,38,60,582,3,1,0,1,0,0,0,0,0,0,2025,0
"Tershawn Wharton","CAR","DE",9,0,0,0,0,0,0,0,0,0,0,0,0,10,25,35,2,3,2,0,1,0,2025,0
"Tetairoa McMillan","CAR","WR",17,0,0,0,0,0,0,0,0,70,122,1014,7,3,0,3,0,0,0,0,0,0,2025,1
"Tez Johnson","TB","WR",15,0,0,0,0,0,7,22,0,28,44,322,5,0,0,0,0,0,0,0,0,0,2025,1
"Theo Jackson","MIN","SAF",12,0,0,0,0,0,0,0,0,0,0,0,0,21,25,46,3,2,2,0,1,1,2025,0
"Theo Johnson","NYG","TE",15,0,0,0,0,0,0,0,0,45,74,528,5,0,0,0,0,0,0,0,0,0,2025,0
"Thomas Booker","LV","DT",17,0,0,0,0,0,0,0,0,0,0,0,0,16,28,44,1,7,0,0,5,1,2025,0
"Thomas Harper","DET","SAF",10,0,0,0,0,0,0,0,0,0,0,0,0,26,11,37,1,0,0,1,5,1,2025,0
"Tim Patrick","JAX","WR",13,0,0,0,0,0,0,0,0,15,24,187,3,1,0,1,0,0,0,0,0,0,2025,0
"Tim Settle","HOU","DT",10,0,0,0,0,0,0,0,0,0,0,0,0,6,9,15,3,1,1,0,3,0,2025,0
"Tommy Eichenberg","LV","LB",14,0,0,0,0,0,0,0,0,0,0,0,0,21,15,36,1,0,0,0,1,0,2025,0
"Tommy Togiai","HOU","DT",15,0,0,0,0,0,0,0,0,0,0,0,0,25,32,57,6,5,1.5,0,4,0,2025,0
"Tommy Tremble","CAR","TE",15,0,0,0,0,0,0,0,0,27,37,249,2,2,0,2,0,0,0,0,0,0,2025,0
"Tonka Hemingway","LV","DT",7,0,0,0,0,0,0,0,0,0,0,0,0,8,1,9,5,6,4,0,1,0,2025,1
"Tony Adams","NYJ","SAF",10,0,0,0,0,0,0,0,0,0,0,0,0,30,18,48,3,1,1,0,5,0,2025,0
"Tony Jefferson","LAC","S",12,0,0,0,0,0,0,0,0,0,0,0,0,36,20,56,1,2,0,4,7,0,2025,0
"Tony Pollard","TEN","RB",17,0,0,0,0,0,242,1082,5,33,41,206,0,0,0,0,0,0,0,0,0,0,2025,0
"Tory Horton","SEA","WR",8,0,0,0,0,0,0,0,0,13,22,161,5,0,0,0,0,0,0,0,0,0,2025,1
"Travis Etienne","JAX","RB",17,0,0,0,0,0,260,1107,7,36,52,292,6,1,0,1,0,0,0,0,0,0,2025,0
"Travis Hunter","JAX","WR",7,0,0,0,0,0,1,0,0,28,45,298,1,10,4,14,0,0,0,0,3,0,2025,1
"Travis Jones","BAL","DT",16,0,0,0,0,0,0,0,0,0,0,0,0,17,27,44,9,9,5,0,2,1,2025,0
"Travis Kelce","KC","TE",17,0,0,0,0,0,1,1,0,76,108,851,5,2,1,3,0,0,0,0,0,0,2025,0
"Travon Walker","JAX","DE",14,0,0,0,0,0,0,0,0,0,0,0,0,18,19,37,8,13,3.5,0,2,0,2025,0
"Tre Harris","LAC","WR",16,0,0,0,0,0,2,10,0,30,43,324,1,0,0,0,0,0,0,0,0,0,2025,1
"Tre Tucker","LV","WR",17,0,0,0,0,0,11,51,0,57,92,696,5,2,0,2,0,0,0,0,0,0,2025,0
"Tre'Davious White","BUF","CB",16,0,0,0,0,0,0,0,0,0,0,0,0,28,11,39,6,0,0,1,10,0,2025,0
"Tre'von Moehrig","CAR","SAF",16,0,0,0,0,0,0,0,0,0,0,0,0,60,38,98,14,7,3,1,2,0,2025,0
"TreVeyon Henderson","NE","RB",17,0,0,0,0,0,180,911,9,35,42,221,1,0,0,0,0,0,0,0,0,0,2025,1
"Tremaine Edmunds","CHI","MLB",13,0,0,0,0,0,0,0,0,0,0,0,0,57,51,108,3,3,1,4,9,0,2025,0
"Tremon Smith","HOU","CB",15,0,0,0,0,0,0,0,0,0,0,0,0,13,10,23,1,0,0,0,2,0,2025,0
"Trent McDuffie","KC","CB",13,0,0,0,0,0,0,0,0,0,0,0,0,45,18,63,2,1,1,1,7,1,2025,0
"Trenton Simpson","BAL","LB",15,0,0,0,0,0,0,0,0,0,0,0,0,32,32,64,4,4,2.5,0,1,0,2025,0
"Trevin Wallace","CAR","LB",12,0,0,0,0,0,0,0,0,0,0,0,0,36,25,61,5,4,2,0,4,0,2025,0
"Trevon Diggs","DAL","CB",8,0,0,0,0,0,0,0,0,0,0,0,0,18,7,25,1,0,0,0,0,0,2025,0
"Trevor Lawrence","JAX","QB",17,341,560,4007,29,12,82,359,9,0,0,0,0,0,0,0,0,0,0,0,0,0,2025,0
"Trevor Nowaske","DET","LB",13,0,0,0,0,0,0,0,0,0,0,0,0,9,13,22,2,2,1,0,0,0,2025,0
"Trey Amos","WAS","CB",10,0,0,0,0,0,0,0,0,0,0,0,0,18,13,31,1,0,0,0,6,0,2025,1
"Trey Hendrickson","CIN","DE",7,0,0,0,0,0,0,0,0,0,0,0,0,11,5,16,3,8,4,0,1,1,2025,0
"Trey McBride","ARI","TE",17,0,0,0,0,0,0,0,0,126,169,1239,11,0,0,0,0,0,0,0,0,0,2025,0
"Treylon Burks","WAS","WR",8,0,0,0,0,0,0,0,0,10,22,130,1,1,1,2,0,0,0,0,0,0,2025,0
"Trikweze Bridges","DAL","CB",8,0,0,0,0,0,0,0,0,0,0,0,0,17,6,23,0,0,0,1,3,0,2025,1
"Troy Dye","LAC","LB",15,0,0,0,0,0,0,0,0,0,0,0,0,26,30,56,5,1,1,0,4,1,2025,0
"Troy Franklin","DEN","WR",17,0,0,0,0,0,5,12,0,65,104,709,6,2,0,2,0,0,0,0,0,0,2025,0
"Troy Reeder","LA","LB",14,0,0,0,0,0,0,0,0,0,0,0,0,17,8,25,0,0,0,0,2,0,2025,0
"Tua Tagovailoa","MIA","QB",14,260,384,2660,20,15,20,43,0,0,0,0,0,0,0,0,0,0,0,0,0,0,2025,0
"Tucker Kraft","GB","TE",8,0,0,0,0,0,1,3,0,32,44,489,6,0,0,0,0,0,0,0,0,0,2025,0
"Tuli Tuipulotu","LAC","LB",15,0,0,0,0,0,0,0,0,0,0,0,0,32,14,46,20,23,13,0,3,2,2025,0
"Ty Johnson","BUF","RB",17,0,0,0,0,0,50,200,3,24,33,263,2,1,1,2,0,0,0,0,0,0,2025,0
"Ty Okada","SEA","SAF",15,0,0,0,0,0,0,0,0,0,0,0,0,45,19,64,3,2,1.5,1,6,0,2025,0
"Ty'Ron Hopper","GB","LB",13,0,0,0,0,0,0,0,0,0,0,0,0,9,14,23,1,0,0,0,0,1,2025,0
"Tycen Anderson","CIN","SAF",14,0,0,0,0,0,0,0,0,0,0,0,0,10,13,23,0,0,0,0,1,0,2025,0
"Tyjae Spears","TEN","RB",13,0,0,0,0,0,72,283,2,45,50,264,0,1,0,1,0,0,0,0,0,0,2025,0
"Tykee Smith","TB","SAF",16,0,0,0,0,0,0,0,0,0,0,0,0,60,39,99,6,5,2,1,13,0,2025,0
"Tyleik Williams","DET","DT",13,0,0,0,0,0,0,0,0,0,0,0,0,8,10,18,2,3,1,0,4,0,2025,1
"Tyler Allgeier","ATL","RB",17,0,0,0,0,0,143,514,8,14,16,96,0,2,3,5,0,0,0,0,0,0,2025,0
"Tyler Badie","DEN","RB",16,0,0,0,0,0,8,23,0,19,31,141,0,3,3,6,0,0,0,0,0,0,2025,0
"Tyler Davis","LA","DE",16,0,0,0,0,0,0,0,0,0,0,0,0,14,29,43,1,2,1,0,2,0,2025,0
"Tyler Higbee","LA","TE",10,0,0,0,0,0,0,0,0,25,36,281,3,0,0,0,0,0,0,0,0,0,2025,0
"Tyler Lacy","DET","DE",9,0,0,0,0,0,0,0,0,0,0,0,0,6,15,21,0,2,1,0,0,0,2025,0
"Tyler Lockett","LV","WR",10,0,0,0,0,0,0,0,0,22,34,221,1,0,0,0,0,0,0,0,0,0,2025,0
"Tyler Lockett","TEN","WR",7,0,0,0,0,0,0,0,0,10,21,70,0,0,0,0,0,0,0,0,0,0,2025,0
"Tyler Nubin","NYG","SAF",13,0,0,0,0,0,0,0,0,0,0,0,0,47,29,76,7,0,0,0,2,0,2025,0
"Tyler Shough","NO","QB",11,221,327,2384,10,6,45,186,3,0,0,0,0,1,0,1,0,0,0,0,0,0,2025,1
"Tyler Warren","IND","TE",17,0,1,0,0,0,6,8,1,76,112,817,4,1,0,1,0,0,0,0,0,0,2025,1
"Tyquan Lewis","IND","DE",9,0,0,0,0,0,0,0,0,0,0,0,0,4,6,10,4,4,3,0,1,0,2025,0
"Tyquan Thornton","KC","WR",12,0,0,0,0,0,0,0,0,19,37,438,3,1,0,1,0,0,0,0,0,1,2025,0
"Tyree Wilson","LV","DE",15,0,0,0,0,0,0,0,0,0,0,0,0,24,10,34,8,6,4,0,1,2,2025,0
"Tyrel Dodson","MIA","LB",16,0,0,0,0,0,0,0,0,0,0,0,0,70,57,127,10,6,5,1,3,1,2025,0
"Tyrell Shavers","BUF","WR",11,0,0,0,0,0,0,0,0,15,23,245,1,1,1,2,0,0,0,0,0,0,2025,0
"Tyrice Knight","SEA","LB",14,0,0,0,0,0,0,0,0,0,0,0,0,34,20,54,6,2,2,0,0,2,2025,0
"Tyrique Stevenson","CHI","CB",12,0,0,0,0,0,0,0,0,0,0,0,0,35,13,48,1,0,0,1,10,2,2025,0
"Tyrod Taylor","NYJ","QB",6,80,134,779,5,5,27,143,1,0,0,0,0,0,0,0,0,0,0,0,0,0,2025,0
"Tyrone Tracy Jr.","NYG","RB",15,0,0,0,0,0,176,740,2,36,48,288,2,0,0,0,0,0,0,0,0,0,2025,0
"Tyson Campbell","CLE","CB",12,0,0,0,0,0,0,0,0,0,0,0,0,32,21,53,1,1,0,1,12,1,2025,0
"Uchenna Nwosu","SEA","LB",15,0,0,0,0,0,0,0,0,0,0,0,0,15,18,33,7,15,7,0,3,0,2025,0
"Upton Stout","SF","CB",16,0,0,0,0,0,0,0,0,0,0,0,0,43,39,82,4,2,1,0,5,1,2025,1
"Van Jefferson","TEN","WR",14,0,0,0,0,0,0,0,0,29,52,350,1,0,0,0,0,0,0,0,0,0,2025,0
"Ventrell Miller","JAX","LB",15,0,0,0,0,0,0,0,0,0,0,0,0,17,21,38,0,0,0,1,4,2,2025,0
"Vita Vea","TB","DT",14,0,0,0,0,0,0,0,0,0,0,0,0,15,18,33,7,13,4.5,0,2,0,2025,0
"Von Miller","WAS","OLB",14,0,0,0,0,0,0,0,0,0,0,0,0,16,10,26,6,15,9,0,0,0,2025,0
"Walter Nolen","ARI","DT",6,0,0,0,0,0,0,0,0,0,0,0,0,7,3,10,5,5,2,0,2,0,2025,1
"Wan'Dale Robinson","NYG","WR",16,0,0,0,0,0,3,5,0,92,140,1014,4,1,0,1,0,0,0,0,0,0,2025,0
"Will Anderson Jr.","HOU","DE",17,0,0,0,0,0,0,0,0,0,0,0,0,31,19,50,20,23,12,0,3,3,2025,0
"Will Harris","WAS","SAF",9,0,0,0,0,0,0,0,0,0,0,0,0,22,16,38,1,0,1,0,3,1,2025,0
"Will Johnson","ARI","CB",11,0,0,0,0,0,0,0,0,0,0,0,0,24,10,34,2,0,0,0,10,1,2025,1
"Will McDonald IV","NYJ","DE",12,0,0,0,0,0,0,0,0,0,0,0,0,17,11,28,10,19,8,0,0,0,2025,0
"Willie Gay Jr.","MIA","LB",9,0,0,0,0,0,0,0,0,0,0,0,0,10,10,20,3,2,2,0,2,0,2025,0
"Woody Marks","HOU","RB",16,0,0,0,0,0,196,703,2,24,36,208,3,0,0,0,0,0,0,0,0,0,2025,1
"Xavier Hutchinson","HOU","WR",16,0,0,0,0,0,3,22,0,35,57,428,3,2,1,3,0,0,0,0,0,0,2025,0
"Xavier Legette","CAR","WR",15,0,0,0,0,0,1,0,0,35,64,363,3,0,0,0,0,0,0,0,0,0,2025,0
"Xavier McKinney","GB","SAF",16,0,0,0,0,0,0,0,0,0,0,0,0,52,53,105,0,2,1,2,10,1,2025,0
"Xavier Smith","LA","WR",16,0,0,0,0,0,0,0,0,18,24,303,0,3,3,6,0,0,0,0,0,0,2025,0
"Xavier Watts","ATL","SAF",17,0,0,0,0,0,0,0,0,0,0,0,0,57,37,94,0,0,0,5,11,0,2025,1
"Xavier Woods","TEN","FS",10,0,0,0,0,0,0,0,0,0,0,0,0,23,16,39,0,0,1,2,3,0,2025,0
"Xavier Worthy","KC","WR",14,0,0,0,0,0,11,87,0,42,73,532,1,1,0,1,0,0,0,0,0,0,2025,0
"Yahya Black","PIT","DE",12,0,0,0,0,0,0,0,0,0,0,0,0,10,18,28,0,1,0,0,1,2,2025,1
"Yaya Diaby","TB","LB",17,0,0,0,0,0,0,0,0,0,0,0,0,27,21,48,13,19,7,0,1,1,2025,0
"Zach Allen","DEN","DE",17,0,0,0,0,0,0,0,0,0,0,0,0,13,24,37,4,47,7,0,6,0,2025,0
"Zach Charbonnet","SEA","RB",16,0,0,0,0,0,184,730,12,20,24,144,0,0,1,1,0,0,0,0,0,0,2025,0
"Zach Ertz","WAS","TE",13,0,0,0,0,0,0,0,0,50,72,504,4,1,0,1,0,0,0,0,0,0,2025,0
"Zach Harrison","ATL","DE",7,0,0,0,0,0,0,0,0,0,0,0,0,9,13,22,5,5,4.5,0,1,2,2025,0
"Zach Sieler","MIA","DT",17,0,0,0,0,0,0,0,0,0,0,0,0,28,18,46,10,9,5.5,0,1,0,2025,0
"Zack Baun","PHI","LB",16,0,0,0,0,0,0,0,0,0,0,0,0,63,59,122,7,5,3.5,2,7,1,2025,0
"Zaire Barnes","NYG","LB",8,0,0,0,0,0,0,0,0,0,0,0,0,16,12,28,2,1,1,0,0,0,2025,0
"Zaire Franklin","IND","OLB",17,0,0,0,0,0,0,0,0,0,0,0,0,60,63,123,7,6,2,0,5,1,2025,0
"Zaven Collins","ARI","LB",17,0,0,0,0,0,0,0,0,0,0,0,0,26,14,40,6,10,1.5,0,0,0,2025,0
"Zavier Scott","MIN","RB",11,0,0,0,0,0,32,114,0,14,16,98,1,3,4,7,0,0,0,0,0,0,2025,0
"Zay Flowers","BAL","WR",17,0,0,0,0,0,10,62,1,86,118,1211,5,2,0,2,0,0,0,0,0,0,2025,0
"Zeek Biggers","MIA","DT",7,0,0,0,0,0,0,0,0,0,0,0,0,6,14,20,1,4,1.5,0,0,0,2025,1
"Zyon McCollum","TB","CB",13,0,0,0,0,0,0,0,0,0,0,0,0,45,20,65,1,0,0,1,6,0,2025,0
